_id,title,description,category,audience,department,section,priority,isPinned,expiryDate,createdAt,updatedAt,__v
69e2fde48a75c10c62fe8101,Mid Term Incomplete/Improvement Registration Spring 2026,"Registration for incomplete/improvement courses for Spring 2026 Mid Term is open from Feb 16-18 2026 (10 AM-4 PM). Register online via www.portcity.edu.bd Academic Menu or Quick Links. Contact program officers for help: CSE/EEE/MCSE/BTE/CEN - Mr. Abdul Khalek (01916974387), BBA/MBA/BFT/LLB/LMF - Mosammat Mahbuba Akter (01983370623), JRN/MJR/ENG/ENF - Mr. Oahidul Hossen (01806247144).",academic,students,,,high,TRUE,2026-02-19T00:00:00.000Z,2026-02-16T00:00:00.000Z,2026-02-16T00:00:00.000Z,0
69e2fde48a75c10c62fe8102,University Closed for 13th National Parliament Election,The university will remain closed from February 11 to 13 2026 due to the upcoming National Parliament Election. All classes and office activities are suspended. Regular operations resume on February 14 2026.,general,all,,,high,TRUE,2026-02-14T00:00:00.000Z,2026-02-02T00:00:00.000Z,2026-02-02T00:00:00.000Z,0
69e2fde48a75c10c62fe8103,BIJU Festival and Pahela Boishakh Holiday Notice,No classes will be held from April 12-14 2026 for BIJU Festival and Bengali New Year. Classes resume April 15 2026 (Wednesday). University closed on April 14 (Pahela Boishakh). Offices remain open on April 12 and 13 2026.,general,all,,,medium,FALSE,2026-04-15T00:00:00.000Z,2026-04-08T00:00:00.000Z,2026-04-08T00:00:00.000Z,0
69e2fde48a75c10c62fe8104,Ramadan Shab-e-Kadar Eid-ul-Fitr and Independence Day Vacation,University will remain closed from March 13-28 2026 for Holy Ramadan Shab-e-Kadar Eid-ul-Fitr and Independence Day. All classes and office activities resume March 29 2026 (Sunday). Security office remains open during vacation.,general,all,,,high,TRUE,2026-03-29T00:00:00.000Z,2026-03-07T00:00:00.000Z,2026-03-07T00:00:00.000Z,0
69e2fde48a75c10c62fe8105,CSE 327 SE Assignment All Types of Software Testing,Software Engineering assignment on All types of testing: unit testing integration testing (Big Bang Top-Down Bottom-Up Sandwich) white box testing black box testing Alpha testing Beta testing with proper diagrams. Due date: May 12 2026. Submit via LMS.,academic,students,CSE,31A,urgent,TRUE,2026-05-13T00:00:00.000Z,2026-04-28T00:00:00.000Z,2026-04-28T00:00:00.000Z,0
69e2fde48a75c10c62fe8106,Spring 2026 Semester Registration Deadline Extended,The registration deadline for Spring 2026 semester has been extended until May 30 2026. Students who have not completed registration must do so immediately to avoid late fees. Visit www.portcity.edu.bd for online registration.,academic,students,,,high,TRUE,2026-05-31T00:00:00.000Z,2026-05-01T00:00:00.000Z,2026-05-01T00:00:00.000Z,0
69e2fde48a75c10c62fe8107,Midterm Examination Schedule Spring 2026,Midterm examinations will be held from June 10-20 2026. Detailed subject-wise schedule and seating arrangement will be published on the notice board and university website by June 1 2026. Students must carry valid ID cards to exams.,exam,students,,,urgent,TRUE,2026-06-25T00:00:00.000Z,2026-05-05T00:00:00.000Z,2026-05-05T00:00:00.000Z,0
69e2fde48a75c10c62fe8108,Mandatory Faculty Meeting May 15 2026,All faculty members must attend the mandatory meeting on May 15 2026 at 3:00 PM in the Conference Room. Agenda: curriculum review upcoming exam preparation and research initiatives. Attendance will be recorded.,general,faculty,,,medium,FALSE,2026-05-16T00:00:00.000Z,2026-05-03T00:00:00.000Z,2026-05-03T00:00:00.000Z,0
69e2fde48a75c10c62fe8109,CSE Department Annual Programming Contest 2026,Annual Programming Contest on May 20 2026 at CSE Lab. Topics: Data Structures Algorithms and Problem Solving. Open to all CSE students. Register by May 18. Prizes for top 3 winners. Contact CSE department for details.,event,students,CSE,,high,TRUE,2026-05-25T00:00:00.000Z,2026-05-02T00:00:00.000Z,2026-05-02T00:00:00.000Z,0
69e2fde48a75c10c62fe8110,Software Engineering Final Project Submission,Final project submission for SE course due May 30 2026. All groups must submit complete documentation source code and presentation slides via LMS. Late submissions will NOT be accepted under any circumstances.,academic,students,CSE,31A,urgent,TRUE,2026-06-05T00:00:00.000Z,2026-05-04T00:00:00.000Z,2026-05-04T00:00:00.000Z,0
69e2fde48a75c10c62fe8111,Eid-ul-Adha University Closure 2026,University will remain closed from June 25 to July 5 2026 for Eid-ul-Adha vacation. All classes and administrative activities resume on July 6 2026. Security staff will remain on duty.,general,all,,,low,FALSE,2026-07-10T00:00:00.000Z,2026-05-01T00:00:00.000Z,2026-05-01T00:00:00.000Z,0
69e2fde48a75c10c62fe8112,Annual Internship Fair 2026 Register Now,Annual Internship Fair on June 5-6 2026 at University Auditorium. Top companies including tech firms banks and multinationals will recruit interns. Bring updated CV and portfolio. Registration deadline June 1 2026.,event,students,,,high,TRUE,2026-06-10T00:00:00.000Z,2026-05-06T00:00:00.000Z,2026-05-06T00:00:00.000Z,0
69e2fde48a75c10c62fe8113,Unit Testing Hands-on Workshop for CSE Students,Hands-on workshop on Unit Testing using JUnit and PyTest on May 18 2026 at Lab 201 from 10 AM to 1 PM. All SE students strongly encouraged to attend. Certificate of participation provided. Registration required by May 16.,event,students,CSE,31A,medium,FALSE,2026-05-19T00:00:00.000Z,2026-05-08T00:00:00.000Z,2026-05-08T00:00:00.000Z,0
69e2fde48a75c10c62fe8114,Special Seminar on Integration Testing Types,Guest lecture on Integration Testing approaches: Big Bang Top-Down Bottom-Up and Sandwich. Speaker: Dr. Rahman from DU. Date: May 22 2026 at 2:30 PM. Venue: Virtual Room 3. Open to all CSE students and faculty.,event,students,CSE,,medium,FALSE,2026-05-23T00:00:00.000Z,2026-05-09T00:00:00.000Z,2026-05-09T00:00:00.000Z,0
69e2fde48a75c10c62fe8115,White Box vs Black Box Testing Distinguished Lecture,Distinguished lecture on White Box and Black Box Testing techniques with real-world industry examples. Date: May 25 2026 at 11:00 AM in Auditorium. Mandatory for CSE 327 students. Open to all interested.,academic,students,CSE,31A,high,FALSE,2026-05-26T00:00:00.000Z,2026-05-10T00:00:00.000Z,2026-05-10T00:00:00.000Z,0
69e2fde48a75c10c62fe8116,Alpha Testing Phase Guidelines for SE Projects,Internal Alpha Testing for SE projects begins May 15 2026. Teams must prepare comprehensive test cases and bug report templates. Testing conducted in Lab 204 under faculty supervision. Schedule: daily 10 AM to 3 PM.,academic,students,CSE,31A,urgent,TRUE,2026-05-20T00:00:00.000Z,2026-05-11T00:00:00.000Z,2026-05-11T00:00:00.000Z,0
69e2fde48a75c10c62fe8117,Beta Testing with End Users Scheduled,Beta testing phase for selected projects starts June 1 2026 with external end users participating. Project teams must deploy applications to test server by May 28 2026. Feedback forms available on LMS.,academic,students,CSE,31A,high,FALSE,2026-06-15T00:00:00.000Z,2026-05-12T00:00:00.000Z,2026-05-12T00:00:00.000Z,0
69e2fde48a75c10c62fe8118,Final Exam Routine Spring 2026 Published,Final examination routine for Spring 2026 semester now published. Exams commence from July 15 2026. Check university website or department notice board for your detailed schedule. Any conflicts must be reported by June 25.,exam,students,,,urgent,TRUE,2026-08-01T00:00:00.000Z,2026-06-20T00:00:00.000Z,2026-06-20T00:00:00.000Z,0
69e2fde48a75c10c62fe8119,CSE 327 Software Testing Quiz 1,Quiz 1 on Software Testing fundamentals covering Chapters 1-3: testing principles test case design and unit testing. Date: May 28 2026 during regular class time. Bring your own calculator. No make-up quizzes.,exam,students,CSE,31A,high,FALSE,2026-05-29T00:00:00.000Z,2026-05-13T00:00:00.000Z,2026-05-13T00:00:00.000Z,0
69e2fde48a75c10c62fe8120,EEE Department Lab Equipment Maintenance,EEE laboratories will be closed for equipment maintenance from May 25-27 2026. All lab classes during this period are rescheduled. Contact EEE department office for new schedule.,general,students,EEE,,medium,FALSE,2026-05-28T00:00:00.000Z,2026-05-14T00:00:00.000Z,2026-05-14T00:00:00.000Z,0
69e2fde48a75c10c62fe8121,Library Extended Hours During Midterm Exam Period,University library will remain open from 8:00 AM to 10:00 PM from June 1-20 2026 to support students during midterm examination preparation. Group study rooms available on first-come basis.,general,all,,,medium,FALSE,2026-06-21T00:00:00.000Z,2026-05-20T00:00:00.000Z,2026-05-20T00:00:00.000Z,0
69e2fde48a75c10c62fe8122,BBA Internship Report Submission Deadline,All BBA students completing internships must submit final reports by June 30 2026 to the department office. Reports must follow prescribed format available on LMS. Late submissions will result in grade deduction.,academic,students,BBA,,high,FALSE,2026-07-01T00:00:00.000Z,2026-05-15T00:00:00.000Z,2026-05-15T00:00:00.000Z,0
69e2fde48a75c10c62fe8123,Campus WiFi Maintenance Notice,Campus-wide WiFi network maintenance scheduled on May 16 2026 from 6:00 AM to 8:00 AM. Internet services may be intermittent during this period. Plan your online activities accordingly.,general,all,,,low,FALSE,2026-05-17T00:00:00.000Z,2026-05-14T00:00:00.000Z,2026-05-14T00:00:00.000Z,0
69e2fde48a75c10c62fe8124,MBA Admission Test Spring 2026 Scheduled,MBA admission test for Spring 2026 will be held on May 25 2026 at 10:00 AM in the MBA Building. Admit cards available for download from admission portal from May 20. Report by 9:30 AM with ID.,exam,prospective,,,high,TRUE,2026-05-26T00:00:00.000Z,2026-05-01T00:00:00.000Z,2026-05-01T00:00:00.000Z,0
69e2fde48a75c10c62fe8125,Voluntary Blood Donation Camp May 2026,Voluntary blood donation camp organized at University Health Center on May 20 2026 from 9:00 AM to 4:00 PM. All healthy students faculty and staff are encouraged to participate. Free health checkup for donors.,event,all,,,medium,FALSE,2026-05-21T00:00:00.000Z,2026-05-10T00:00:00.000Z,2026-05-10T00:00:00.000Z,0
69e2fde48a75c10c62fe8126,Spring 2026 Tuition Fee Payment Deadline,Last date for paying Spring 2026 semester tuition fees without late fine is May 31 2026. Payments accepted at accounts office or through online banking. After deadline a late fine of BDT 500 applies.,general,students,,,high,TRUE,2026-06-01T00:00:00.000Z,2026-05-01T00:00:00.000Z,2026-05-01T00:00:00.000Z,0
69e2fde48a75c10c62fe8127,Career Development Workshop for CSE Final Year,Workshop on Resume Writing and Interview Skills for CSE final year students on May 22 2026 at 10 AM. Industry experts from IT companies will conduct mock interviews. Registration required by May 20. Limited seats.,event,students,CSE,,high,FALSE,2026-05-23T00:00:00.000Z,2026-05-12T00:00:00.000Z,2026-05-12T00:00:00.000Z,0
69e2fde48a75c10c62fe8128,University Research Grant Proposals 2026-2027,Faculty members invited to submit research grant proposals for 2026-2027 cycle. Deadline: June 15 2026. Proposal format and guidelines available at Research Cell office. Funding up to BDT 200000 per approved project.,academic,faculty,,,medium,FALSE,2026-06-16T00:00:00.000Z,2026-05-05T00:00:00.000Z,2026-05-05T00:00:00.000Z,0
69e2fde48a75c10c62fe8129,LLB Intra-Department Moot Court Competition,Annual intra-department moot court competition on June 2-3 2026 at Law Moot Court Room. Registration open until May 28. Teams of 3 members. Topic released on May 20. Winners represent PCIU at national competition.,event,students,LLB,,high,TRUE,2026-06-04T00:00:00.000Z,2026-05-18T00:00:00.000Z,2026-05-18T00:00:00.000Z,0
69e2fde48a75c10c62fe8130,Student ID Card Renewal Spring 2026,All continuing students must renew ID cards for Spring 2026 by May 30 2026. Visit IT section with admission receipt and old ID card. Operating hours: Sunday to Thursday 10 AM to 3 PM.,general,students,,,medium,FALSE,2026-05-31T00:00:00.000Z,2026-05-10T00:00:00.000Z,2026-05-10T00:00:00.000Z,0
69e2fde48a75c10c62fe8131,Department of English Poetry Recitation Event,The Department of English organizes a Poetry Recitation event on May 19 2026 at 3:00 PM in ENG Seminar Room to celebrate World Poetry Day. Interested students register by May 17. Certificates for all participants.,event,students,ENG,,low,FALSE,2026-05-20T00:00:00.000Z,2026-05-08T00:00:00.000Z,2026-05-08T00:00:00.000Z,0
69e2fde48a75c10c62fe8132,Mandatory Industrial Site Visit for CEN Students,Mandatory industrial site visit for Civil Engineering students on May 21 2026 to ongoing construction project. Transportation provided. Departure at 7:00 AM from main gate. Safety gear mandatory. Return by 5 PM.,academic,students,CEN,,high,FALSE,2026-05-22T00:00:00.000Z,2026-05-11T00:00:00.000Z,2026-05-11T00:00:00.000Z,0
69e2fde48a75c10c62fe8133,Inter-Department Sports Week 2026 Registration,Inter-department Sports Week from June 8-12 2026. Events: Cricket Football Badminton Table Tennis and Chess. Register your department team by June 1 2026 at Sports Office. Opening ceremony June 8 at 9 AM.,event,all,,,medium,FALSE,2026-06-02T00:00:00.000Z,2026-05-15T00:00:00.000Z,2026-05-15T00:00:00.000Z,0
69e2fde48a75c10c62fe8134,EEE Final Year Capstone Project Showcase,Final year EEE students will showcase capstone projects on May 30 2026 from 10 AM to 4 PM at EEE Building. Industry professionals invited as judges. All students and faculty welcome to attend.,event,all,EEE,,high,TRUE,2026-05-31T00:00:00.000Z,2026-05-20T00:00:00.000Z,2026-05-20T00:00:00.000Z,0
69e2fde48a75c10c62fe8135,Anti-Ragging Awareness Seminar Mandatory for Freshers,Proctors Office organizes Anti-Ragging Awareness Seminar on May 16 2026 at 11 AM in Auditorium. Attendance mandatory for all first-year students of all departments. Zero tolerance policy explained.,general,students,,,urgent,TRUE,2026-05-17T00:00:00.000Z,2026-05-09T00:00:00.000Z,2026-05-09T00:00:00.000Z,0
69e2fde48a75c10c62fe8136,BFT Sustainable Fashion Design Competition,Department of BFT hosts Fabric Design Competition with theme Sustainable Fashion. Submissions accepted until May 29 2026 at BFT department. Winners exhibited at annual fashion show. Open to all BFT students.,event,students,BFT,,medium,FALSE,2026-05-30T00:00:00.000Z,2026-05-14T00:00:00.000Z,2026-05-14T00:00:00.000Z,0
69e2fde48a75c10c62fe8137,MCSE Thesis Defense Schedule Spring 2026,MS in CSE thesis defense for Spring 2026 batch scheduled June 15-17 2026. Candidates must submit final dissertation copies in both soft and hard formats by June 5 2026 to examination controller office.,exam,students,MCSE,,urgent,TRUE,2026-06-18T00:00:00.000Z,2026-05-20T00:00:00.000Z,2026-05-20T00:00:00.000Z,0
69e2fde48a75c10c62fe8138,Academic Calendar Summer 2026 Published,Academic calendar for Summer 2026 semester published. Classes begin August 1 2026. Registration dates course offerings and fee schedule available on university website. Hard copies at registrar office.,academic,all,,,medium,FALSE,2026-08-15T00:00:00.000Z,2026-06-10T00:00:00.000Z,2026-06-10T00:00:00.000Z,0
69e2fde48a75c10c62fe8139,CSE 327 Test Case Design Assignment Due May 25,Assignment on designing test cases using Equivalence Partitioning and Boundary Value Analysis. Due May 25 2026 via LMS. Late submissions penalized at 10 percent per day. Refer to textbook chapters 5-6.,academic,students,CSE,31A,high,FALSE,2026-05-26T00:00:00.000Z,2026-05-12T00:00:00.000Z,2026-05-12T00:00:00.000Z,0
69e2fde48a75c10c62fe8140,Founders Day Celebration June 2026,Port City International University celebrates Founders Day on June 20 2026. Cultural program alumni reunion and special recognition ceremony from 10:00 AM. All students faculty alumni and staff cordially invited.,event,all,,,high,TRUE,2026-06-21T00:00:00.000Z,2026-06-01T00:00:00.000Z,2026-06-01T00:00:00.000Z,0
69e2fde48a75c10c62fe8141,Free Student Counseling Services Available,Student Welfare Office offers free professional counseling services. Students facing academic stress personal issues or mental health concerns can book confidential appointments via email welfare@portcity.edu.bd or walk-in Tuesday Thursday 2-4 PM.,general,students,,,low,FALSE,2026-12-31T00:00:00.000Z,2026-05-01T00:00:00.000Z,2026-05-01T00:00:00.000Z,0
69e2fde48a75c10c62fe8142,BBA Final Year Project Presentation Schedule,BBA final year project presentations from June 5-8 2026. Detailed group-wise schedule posted on BBA department notice board. All group members must be present. Professional attire required. External examiner present.,exam,students,BBA,,urgent,TRUE,2026-06-09T00:00:00.000Z,2026-05-25T00:00:00.000Z,2026-05-25T00:00:00.000Z,0
69e2fde48a75c10c62fe8143,JRN Digital Media and Fact-Checking Workshop,Department of Journalism organizes workshop on Digital Media and Fact-Checking on May 24 2026 at Media Lab. Renowned journalist Mr. Hasan will facilitate. Hands-on training included. Limited to 30 participants.,event,students,JRN,,medium,FALSE,2026-05-25T00:00:00.000Z,2026-05-12T00:00:00.000Z,2026-05-12T00:00:00.000Z,0
69e2fde48a75c10c62fe8144,CSE 31A Temporary Classroom Relocation,CSE 31A classes temporarily moved to Room 305 from May 20-24 2026 due to maintenance work in original classroom. Normal classroom resumes May 25. Notice posted on both rooms.,general,students,CSE,31A,medium,FALSE,2026-05-25T00:00:00.000Z,2026-05-18T00:00:00.000Z,2026-05-18T00:00:00.000Z,0
69e2fde48a75c10c62fe8145,Online Registration System Scheduled Downtime,Online registration system will undergo maintenance on May 17 2026 from 12:00 AM to 6:00 AM. No registrations can be processed during this window. Plan your registration activities accordingly.,general,all,,,medium,FALSE,2026-05-17T00:00:00.000Z,2026-05-15T00:00:00.000Z,2026-05-15T00:00:00.000Z,0
69e2fde48a75c10c62fe8146,EEE and CEN Capstone Project Group Formation,EEE and CEN students enrolled in capstone project courses must form groups of 3-4 members and submit topic with supervisor approval by May 22 2026. Form available at department office.,academic,students,EEE,,high,FALSE,2026-05-23T00:00:00.000Z,2026-05-08T00:00:00.000Z,2026-05-08T00:00:00.000Z,0
69e2fde48a75c10c62fe8147,University Transport Service Schedule Update,University bus schedule updated for summer effective May 20 2026. New routes and timings available at transport office notice board and website. Contact transport office for route change requests.,general,all,,,low,FALSE,2026-06-20T00:00:00.000Z,2026-05-15T00:00:00.000Z,2026-05-15T00:00:00.000Z,0
69e2fde48a75c10c62fe8148,University Cafeteria Revised Menu and Pricing,Cafeteria has revised menu and prices effective May 15 2026. New menu cards displayed at cafeteria entrance. Quality feedback welcomed via admin office or online suggestion box.,general,all,,,low,FALSE,2026-06-15T00:00:00.000Z,2026-05-10T00:00:00.000Z,2026-05-10T00:00:00.000Z,0
69e2fde48a75c10c62fe8149,Make-up Class EEE 2101 May 18 2026,Make-up class for EEE 2101 (missed on April 14 due to holiday) will be held on May 18 2026 from 2:00 PM to 3:30 PM in Room 402. Attendance mandatory. Bring previous lecture notes.,academic,students,EEE,,medium,FALSE,2026-05-19T00:00:00.000Z,2026-05-12T00:00:00.000Z,2026-05-12T00:00:00.000Z,0
69e2fde48a75c10c62fe8150,Research Cell Mandatory Plagiarism Check Policy,Research Cell mandates all theses and dissertations undergo Turnitin plagiarism check before final submission. Maximum allowed similarity index is 20 percent. Reports must be attached with final submission.,academic,students,MCSE,,urgent,TRUE,2026-07-01T00:00:00.000Z,2026-05-25T00:00:00.000Z,2026-05-25T00:00:00.000Z,0
69e2fde48a75c10c62fe8151,PCIU Alumni Association Networking Dinner,PCIU Alumni Association hosts networking dinner on June 12 2026 at 7 PM at university campus. All alumni cordially invited. Registration required at alumni.portcity.edu.bd by June 5. Reconnect and network.,event,alumni,,,medium,FALSE,2026-06-13T00:00:00.000Z,2026-05-25T00:00:00.000Z,2026-05-25T00:00:00.000Z,0
69e2fde48a75c10c62fe8152,Lost and Found Items Collection Notice,Items including USB drives calculators ID cards and keys found on campus. Check Proctors Office notice board for list. Claim by May 30 2026 with proper identification. Unclaimed items will be disposed.,general,all,,,low,FALSE,2026-05-31T00:00:00.000Z,2026-05-16T00:00:00.000Z,2026-05-16T00:00:00.000Z,0
69e2fde48a75c10c62fe8153,Automated Testing Tools Lab Session Selenium JIRA Postman,Hands-on lab session on Selenium JIRA and Postman for automated testing on May 26 2026 at 10:00 AM in Lab 203. Limited to 25 seats priority for SE students. Bring your own laptop with software pre-installed.,event,students,CSE,,high,FALSE,2026-05-27T00:00:00.000Z,2026-05-18T00:00:00.000Z,2026-05-18T00:00:00.000Z,0
69e2fde48a75c10c62fe8154,Graduation Application Summer 2026 Now Open,Applications for Summer 2026 graduation now open. Eligible students apply through student portal by July 15 2026. Check your academic record for completeness before applying. Fee: BDT 3000.,academic,students,,,urgent,TRUE,2026-07-16T00:00:00.000Z,2026-06-01T00:00:00.000Z,2026-06-01T00:00:00.000Z,0
69e2fde48a75c10c62fe8155,ENF World Environment Day Green Campus Rally,Department of Environmental Science organizes Green Campus Rally on June 5 2026 (World Environment Day) at 9:00 AM starting from main gate. Tree plantation ceremony follows. All departments encouraged to participate.,event,all,ENF,,medium,FALSE,2026-06-06T00:00:00.000Z,2026-05-28T00:00:00.000Z,2026-05-28T00:00:00.000Z,0
69e2fde48a75c10c62fe8156,MJR Student Documentary Screening May 29,Screening of student-made documentaries from MJR department on May 29 2026 at 4 PM in Media Studio. Topics: Social issues of Bangladesh. Q and A session with filmmakers follows screening.,event,all,MJR,,low,FALSE,2026-05-30T00:00:00.000Z,2026-05-19T00:00:00.000Z,2026-05-19T00:00:00.000Z,0
69e2fde48a75c10c62fe8157,Parking Area Restriction for Sports Week Opening,Due to Sports Week opening ceremony main parking area reserved for guests on June 8 2026 from 7 AM to 2 PM. Alternative parking available at South Campus lot. Cooperation requested.,general,all,,,medium,FALSE,2026-06-09T00:00:00.000Z,2026-06-01T00:00:00.000Z,2026-06-01T00:00:00.000Z,0
69e2fde48a75c10c62fe8158,SE Make-up Class System Testing and Acceptance Testing,Make-up class on System Testing and Acceptance Testing for CSE 327 on May 19 2026 at 4:00 PM in Room 301. Attendance mandatory. Will cover topics for final exam.,academic,students,CSE,31A,high,FALSE,2026-05-20T00:00:00.000Z,2026-05-15T00:00:00.000Z,2026-05-15T00:00:00.000Z,0
69e2fde48a75c10c62fe8159,Course Withdrawal Deadline Spring 2026,Last date to withdraw from a course for Spring 2026 semester is May 31 2026. Withdrawal forms must be signed by course instructor and department head. W grade appears on transcript after this date.,academic,students,,,high,FALSE,2026-06-01T00:00:00.000Z,2026-05-20T00:00:00.000Z,2026-05-20T00:00:00.000Z,0
69e2fde48a75c10c62fe8160,LMF Free Legal Aid Camp May 27,Department of Law and Media Foundation organizes free legal aid camp on May 27 2026 from 10 AM to 4 PM at university premises. External legal experts and advocates present. Open to university community and nearby residents.,event,all,LMF,,medium,FALSE,2026-05-28T00:00:00.000Z,2026-05-15T00:00:00.000Z,2026-05-15T00:00:00.000Z,0
69e2fde48a75c10c62fe8161,IQAC Annual Quality Assurance Survey,Institutional Quality Assurance Cell requests all students and faculty to complete annual quality assurance survey by May 30 2026. Link available at portcity.edu.bd/iqac-survey. Your feedback shapes university improvements.,general,all,,,medium,FALSE,2026-05-31T00:00:00.000Z,2026-05-20T00:00:00.000Z,2026-05-20T00:00:00.000Z,0
69e2fde48a75c10c62fe8162,CSE Building Scheduled Power Outage May 16,Scheduled electrical maintenance at CSE Building on May 16 2026 from 12:00 PM to 2:00 PM. Plan lab work accordingly. Save all work before 12 PM. Generators will power emergency lights only.,general,all,CSE,,high,FALSE,2026-05-17T00:00:00.000Z,2026-05-13T00:00:00.000Z,2026-05-13T00:00:00.000Z,0
69e2fde48a75c10c62fe8163,Teacher Evaluation by Students Spring 2026,Spring 2026 teacher evaluation forms available on student portal. Students must submit evaluations for all enrolled courses by June 5 2026. Anonymous feedback ensures quality teaching.,academic,students,,,medium,FALSE,2026-06-06T00:00:00.000Z,2026-05-25T00:00:00.000Z,2026-05-25T00:00:00.000Z,0
69e2fde48a75c10c62fe8164,CSE 327 Regression Testing Group Presentations,Student groups present on Regression Testing strategies and tools on May 27 2026 during class. Upload presentation slides to LMS by May 26 midnight. 15 minutes per group including Q and A.,academic,students,CSE,31A,high,FALSE,2026-05-28T00:00:00.000Z,2026-05-17T00:00:00.000Z,2026-05-17T00:00:00.000Z,0
69e2fde48a75c10c62fe8165,Merit-Based and Need-Based Scholarship Applications Open,Applications open for Merit-Based and Need-Based Scholarships for 2026-2027 academic year until June 30 2026. Apply through financial aid portal with required documents. Results announced July 15.,academic,students,,,high,TRUE,2026-07-01T00:00:00.000Z,2026-05-15T00:00:00.000Z,2026-05-15T00:00:00.000Z,0
69e2fde48a75c10c62fe8166,PCIU IEEE Student Branch Annual General Meeting,Annual General Meeting of PCIU IEEE Student Branch on May 28 2026 at 3 PM in EEE Seminar Room. New committee election and project planning session. All members must attend.,event,students,IEEE,,medium,FALSE,2026-05-29T00:00:00.000Z,2026-05-18T00:00:00.000Z,2026-05-18T00:00:00.000Z,0
69e2fde48a75c10c62fe8167,University Clubs Recruitment Drive May 2026,University clubs including Debate Photography Drama and IT Club hold recruitment drive on May 22-23 2026 at Student Center from 10 AM to 3 PM. New members welcome. Join and explore your talents.,event,students,,,low,FALSE,2026-05-24T00:00:00.000Z,2026-05-12T00:00:00.000Z,2026-05-12T00:00:00.000Z,0
69e2fde48a75c10c62fe8168,MCSE Spring 2026 New Student Orientation,Orientation program for newly admitted Master of CSE students on May 20 2026 at 3:00 PM in MCSE Seminar Room. Introduction to program structure faculty and facilities. Attendance mandatory.,event,students,MCSE,,high,FALSE,2026-05-21T00:00:00.000Z,2026-05-10T00:00:00.000Z,2026-05-10T00:00:00.000Z,0
69e2fde48a75c10c62fe8169,BBA Industrial Tour 2026 Registration Open,Registration for BBA Industrial Tour 2026 open until May 25. Destinations: EPZ and major factories in Chittagong. Tour date: May 30. Fee: BDT 1500 per student. Register at BBA department office.,event,students,BBA,,medium,FALSE,2026-05-26T00:00:00.000Z,2026-05-15T00:00:00.000Z,2026-05-15T00:00:00.000Z,0
69e2fde48a75c10c62fe8170,Spring 2026 Semester Break Announcement,Spring 2026 semester classes end on July 5 2026. Semester break: July 6 to August 1 2026. Summer 2026 classes start August 2. Administrative offices remain open during break Sunday to Thursday.,academic,all,,,medium,FALSE,2026-08-02T00:00:00.000Z,2026-06-15T00:00:00.000Z,2026-06-15T00:00:00.000Z,0
69e2fde48a75c10c62fe8171,PCIU CSE Hackathon 2026 Smart Bangladesh,PCIU CSE Hackathon 2026 from May 31 to June 1 2026 (36 hours). Theme: Smart Bangladesh. Registration: 3-member teams by May 25 at CSE department. Exciting prizes and industry mentorship.,event,students,CSE,,high,TRUE,2026-05-26T00:00:00.000Z,2026-05-10T00:00:00.000Z,2026-05-10T00:00:00.000Z,0
69e2fde48a75c10c62fe8172,CSE Capstone Project Supervisor Allocation Published,Final allocation of supervisors for CSE capstone projects and theses published on CSE department board. Check your assigned supervisor and schedule first meeting before May 25 2026.,academic,students,CSE,,urgent,TRUE,2026-05-25T00:00:00.000Z,2026-05-16T00:00:00.000Z,2026-05-16T00:00:00.000Z,0
69e2fde48a75c10c62fe8173,BTE Remedial Mathematics Classes,Special remedial classes on Applied Mathematics for BTE students start from May 22 2026. Schedule: Every Saturday and Monday at 5:00 PM in Room 101. Attendance recommended for struggling students.,academic,students,BTE,,medium,FALSE,2026-06-22T00:00:00.000Z,2026-05-18T00:00:00.000Z,2026-05-18T00:00:00.000Z,0
69e2fde48a75c10c62fe8174,Academic Probation Student Advisory Meetings,Students on academic probation must meet with academic advisors by May 30 2026 to discuss improvement plan and sign probation contract. Failure to comply may result in enrollment cancellation next semester.,academic,students,,,urgent,TRUE,2026-05-31T00:00:00.000Z,2026-05-15T00:00:00.000Z,2026-05-15T00:00:00.000Z,0
69e2fde48a75c10c62fe8175,Campus Emergency Evacuation Drill May 25,Mandatory emergency evacuation drill on May 25 2026 at 11:00 AM. All persons on campus must participate. Treat alarms as real emergency. Follow evacuation routes posted in each building.,general,all,,,high,TRUE,2026-05-25T00:00:00.000Z,2026-05-18T00:00:00.000Z,2026-05-18T00:00:00.000Z,0
69e2fde48a75c10c62fe8176,Post-Eid Reunion and Cultural Night,Post-Eid-ul-Fitr reunion and cultural night organized by Student Welfare Office on April 5 2026 at 6:30 PM at university playground. Cultural performances games and dinner. All students welcome.,event,all,,,low,FALSE,2026-04-06T00:00:00.000Z,2026-03-29T00:00:00.000Z,2026-03-29T00:00:00.000Z,0
69e2fde48a75c10c62fe8177,CSE 327 Assignment Black Box Testing Techniques,Assignment on Boundary Value Analysis and Equivalence Partitioning techniques posted on LMS. Due May 20 2026. Include proper diagrams and test case tables. Individual submission required.,academic,students,CSE,31A,high,FALSE,2026-05-21T00:00:00.000Z,2026-05-12T00:00:00.000Z,2026-05-12T00:00:00.000Z,0
69e2fde48a75c10c62fe8178,CSE 327 Assignment White Box Testing Techniques,Assignment on Statement Coverage Branch Coverage and Path Coverage with examples due May 22 2026 via LMS. Draw control flow graphs and calculate coverage metrics.,academic,students,CSE,31A,high,FALSE,2026-05-23T00:00:00.000Z,2026-05-13T00:00:00.000Z,2026-05-13T00:00:00.000Z,0
69e2fde48a75c10c62fe8179,Research Methodology Workshop for Faculty and Graduate Students,Research Cell conducts 2-day workshop on Research Methodology on May 24-25 2026 from 10 AM to 4 PM. Topics: literature review data analysis and academic writing. Registration required by May 20.,event,faculty,,,medium,FALSE,2026-05-26T00:00:00.000Z,2026-05-10T00:00:00.000Z,2026-05-10T00:00:00.000Z,0
69e2fde48a75c10c62fe8180,Course Add-Drop Period Extended Spring 2026,Add-drop period for Spring 2026 extended until February 20 2026. Changes via student portal. No add-drop permitted after this date without special approval from Academic Council.,academic,students,,,high,FALSE,2026-02-21T00:00:00.000Z,2026-02-10T00:00:00.000Z,2026-02-10T00:00:00.000Z,0
69e2fde48a75c10c62fe8181,Payment Receipt Verification Required,All students must verify payment receipts against online accounts by May 30 2026. Discrepancies must be reported to accounts department immediately. Clearance holds placed on unverified accounts.,general,students,,,medium,FALSE,2026-05-31T00:00:00.000Z,2026-05-20T00:00:00.000Z,2026-05-20T00:00:00.000Z,0
69e2fde48a75c10c62fe8182,Student Grievance Redressal Cell Active,Confidential Grievance Redressal Cell available for students to report academic or administrative issues. Contact: grievances@portcity.edu.bd or walk-in Tuesday and Thursday 2-4 PM at Proctors Office.,general,students,,,low,FALSE,2026-12-31T00:00:00.000Z,2026-05-01T00:00:00.000Z,2026-05-01T00:00:00.000Z,0
69e2fde48a75c10c62fe8183,5th Convocation Date Announcement,The 5th Convocation of Port City International University scheduled for September 25 2026. Eligible graduates will receive email notification with registration details. Rehearsal on September 24.,event,all,,,high,TRUE,2026-09-26T00:00:00.000Z,2026-06-01T00:00:00.000Z,2026-06-01T00:00:00.000Z,0
69e2fde48a75c10c62fe8184,EEE 3210 VLSI Design Practical Lab Test,Practical lab test for VLSI Design scheduled May 29 2026 during regular lab hours. Bring lab notebooks and completed circuit designs. Viva voce component included.,exam,students,EEE,,high,FALSE,2026-05-30T00:00:00.000Z,2026-05-19T00:00:00.000Z,2026-05-19T00:00:00.000Z,0
69e2fde48a75c10c62fe8185,Freelancing and Outsourcing Career Seminar,Career Development Center presents seminar on Freelancing and Outsourcing for students on May 30 2026 at 3 PM. Learn to earn while studying. Successful freelancers share experiences.,event,students,,,medium,FALSE,2026-05-31T00:00:00.000Z,2026-05-20T00:00:00.000Z,2026-05-20T00:00:00.000Z,0
69e2fde48a75c10c62fe8186,Cyber Security Awareness Month May 2026 Activities,May is Cyber Security Awareness Month at PCIU. Quizzes poster competitions and expert workshops planned throughout the month. Grand prize for Cyber Security Champion. Check IT department notice board for schedule.,event,all,,,medium,FALSE,2026-05-31T00:00:00.000Z,2026-05-01T00:00:00.000Z,2026-05-01T00:00:00.000Z,0
69e2fde48a75c10c62fe8187,BFT Annual Fashion Show Auditions,Auditions for BFT Annual Fashion Show 2026 on May 26 2026 at BFT Design Studio from 2 PM. Open to all BFT students. Bring portfolio and one finished garment.,event,students,BFT,,medium,FALSE,2026-05-27T00:00:00.000Z,2026-05-16T00:00:00.000Z,2026-05-16T00:00:00.000Z,0
69e2fde48a75c10c62fe8188,Student Feedback on Cafeteria Services Requested,Students requested to provide feedback on cafeteria services through online survey form available on university portal. Survey closes May 28. Your input helps improve food quality and service.,general,students,,,low,FALSE,2026-05-29T00:00:00.000Z,2026-05-18T00:00:00.000Z,2026-05-18T00:00:00.000Z,0
69e2fde48a75c10c62fe8189,International Conference on Computing and Informatics 2026 Call for Papers,PCIU hosts ICCI 2026 from December 10-12 2026. Call for papers now open. Submission deadline July 30 2026. Accepted papers published in Scopus-indexed proceedings. Visit conference website for topics.,event,faculty,,,high,TRUE,2026-07-31T00:00:00.000Z,2026-05-01T00:00:00.000Z,2026-05-01T00:00:00.000Z,0
69e2fde48a75c10c62fe8190,CSE Lab Access During Eid-ul-Adha Holidays,CSE labs accessible for project and thesis students during Eid-ul-Adha holidays (June 25-July 5) from 9 AM to 5 PM. Valid ID and written supervisor approval required for access.,general,students,CSE,,medium,FALSE,2026-07-06T00:00:00.000Z,2026-06-20T00:00:00.000Z,2026-06-20T00:00:00.000Z,0
69e2fde48a75c10c62fe8191,SE Project Team Formation Deadline,Last date to form groups for Software Engineering project is May 15 2026. Group leader must submit member list with names and IDs to course teacher by email. No changes after deadline.,academic,students,CSE,31A,urgent,TRUE,2026-05-16T00:00:00.000Z,2026-05-08T00:00:00.000Z,2026-05-08T00:00:00.000Z,0
69e2fde48a75c10c62fe8192,ENF E-Waste Collection Drive June 2026,ENF department organizes e-waste collection drive from June 1-5 2026. Drop old electronics phones chargers cables at designated bins near main gate. Certified e-waste recycling ensured.,event,all,ENF,,low,FALSE,2026-06-06T00:00:00.000Z,2026-05-25T00:00:00.000Z,2026-05-25T00:00:00.000Z,0
69e2fde48a75c10c62fe8193,CSE 327 Group Study Session STLC and V-Model,Peer-led group study session on Software Testing Life Cycle and V-Model on May 17 2026 from 4-6 PM at Library Study Room 3. Peer tutors available. Bring textbook and notes.,academic,students,CSE,31A,low,FALSE,2026-05-18T00:00:00.000Z,2026-05-13T00:00:00.000Z,2026-05-13T00:00:00.000Z,0
69e2fde48a75c10c62fe8194,National Mourning Day Special Assembly August 15,Special prayer and discussion meeting on August 15 2026 at 10 AM in University Auditorium to observe National Mourning Day. Attendance mandatory for all students and staff.,event,all,,,high,TRUE,2026-08-16T00:00:00.000Z,2026-08-10T00:00:00.000Z,2026-08-10T00:00:00.000Z,0
69e2fde48a75c10c62fe8195,CEN 4100 Structural Analysis Viva Voce Schedule,Viva voce examination for Structural Analysis course commences from May 23 2026. Individual time slots posted on CEN department board. Report 30 minutes before your scheduled time.,exam,students,CEN,,high,FALSE,2026-05-30T00:00:00.000Z,2026-05-14T00:00:00.000Z,2026-05-14T00:00:00.000Z,0
69e2fde48a75c10c62fe8196,Visitor Policy and Campus Security Reminder,Visitors not allowed in classrooms and labs without prior permission from department head. All guests must sign in at security desk and wear visitor badge. Violations subject to disciplinary action.,general,all,,,low,FALSE,2026-12-31T00:00:00.000Z,2026-05-01T00:00:00.000Z,2026-05-01T00:00:00.000Z,0
69e2fde48a75c10c62fe8197,Inter-University English Debate Championship Finals,English Department Debating Club hosts inter-university debate championship finals on May 31 2026 at 10 AM in Auditorium. Come support PCIU team. Admission free.,event,all,ENG,,medium,FALSE,2026-06-01T00:00:00.000Z,2026-05-21T00:00:00.000Z,2026-05-21T00:00:00.000Z,0
69e2fde48a75c10c62fe8198,ENG 101 Permanent Classroom Change to Language Lab,Venue for ENG 101 lectures permanently shifted from Room 201 to Language Lab (Admin Building 2nd Floor) effective May 13 2026. Check updated routine on portal.,general,students,ENG,,medium,FALSE,2026-06-13T00:00:00.000Z,2026-05-12T00:00:00.000Z,2026-05-12T00:00:00.000Z,0
69e2fde48a75c10c62fe8199,Student Startup Idea Pitch Competition 2026,Innovation and Entrepreneurship Club presents Startup Idea Pitch Competition on June 2 2026 at 2 PM. Winner receives seed funding of BDT 50000. Register by May 28 with one-page idea summary.,event,students,,,high,TRUE,2026-05-29T00:00:00.000Z,2026-05-15T00:00:00.000Z,2026-05-15T00:00:00.000Z,0
69e2fde48a75c10c62fe8200,Final Clearance for Graduating Students June Deadline,Graduating students must obtain clearance from Library Accounts and Proctors Office by June 30 2026 to receive provisional certificates. Clearance form available at Registrar Office. No clearance no certificate.,general,students,,,urgent,TRUE,2026-07-01T00:00:00.000Z,2026-06-01T00:00:00.000Z,2026-06-01T00:00:00.000Z,0
69e2fde48a75c10c62fe8101,Mid Term Incomplete/Improvement Registration Spring 2026,"Registration for incomplete/improvement courses for Spring 2026 Mid Term is open from Feb 16-18 2026 (10 AM-4 PM). Register online via www.portcity.edu.bd Academic Menu or Quick Links. Contact program officers for help: CSE/EEE/MCSE/BTE/CEN - Mr. Abdul Khalek (01916974387), BBA/MBA/BFT/LLB/LMF - Mosammat Mahbuba Akter (01983370623), JRN/MJR/ENG/ENF - Mr. Oahidul Hossen (01806247144).",academic,students,,,high,TRUE,2026-02-19T00:00:00.000Z,2026-02-16T00:00:00.000Z,2026-02-16T00:00:00.000Z,0
69e2fde48a75c10c62fe8102,University Closed for 13th National Parliament Election,The university will remain closed from February 11 to 13 2026 due to the upcoming National Parliament Election. All classes and office activities are suspended. Regular operations resume on February 14 2026.,general,all,,,high,TRUE,2026-02-14T00:00:00.000Z,2026-02-02T00:00:00.000Z,2026-02-02T00:00:00.000Z,0
69e2fde48a75c10c62fe8103,BIJU Festival and Pahela Boishakh Holiday Notice,No classes will be held from April 12-14 2026 for BIJU Festival and Bengali New Year. Classes resume April 15 2026 (Wednesday). University closed on April 14 (Pahela Boishakh). Offices remain open on April 12 and 13 2026.,general,all,,,medium,FALSE,2026-04-15T00:00:00.000Z,2026-04-08T00:00:00.000Z,2026-04-08T00:00:00.000Z,0
69e2fde48a75c10c62fe8104,Ramadan Shab-e-Kadar Eid-ul-Fitr and Independence Day Vacation,University will remain closed from March 13-28 2026 for Holy Ramadan Shab-e-Kadar Eid-ul-Fitr and Independence Day. All classes and office activities resume March 29 2026 (Sunday). Security office remains open during vacation.,general,all,,,high,TRUE,2026-03-29T00:00:00.000Z,2026-03-07T00:00:00.000Z,2026-03-07T00:00:00.000Z,0
69e2fde48a75c10c62fe8105,CSE 327 SE Assignment All Types of Software Testing,Software Engineering assignment on All types of testing: unit testing integration testing (Big Bang Top-Down Bottom-Up Sandwich) white box testing black box testing Alpha testing Beta testing with proper diagrams. Due date: May 12 2026. Submit via LMS.,academic,students,CSE,31A,urgent,TRUE,2026-05-13T00:00:00.000Z,2026-04-28T00:00:00.000Z,2026-04-28T00:00:00.000Z,0
69e2fde48a75c10c62fe8106,Spring 2026 Semester Registration Deadline Extended,The registration deadline for Spring 2026 semester has been extended until May 30 2026. Students who have not completed registration must do so immediately to avoid late fees. Visit www.portcity.edu.bd for online registration.,academic,students,,,high,TRUE,2026-05-31T00:00:00.000Z,2026-05-01T00:00:00.000Z,2026-05-01T00:00:00.000Z,0
69e2fde48a75c10c62fe8107,Midterm Examination Schedule Spring 2026,Midterm examinations will be held from June 10-20 2026. Detailed subject-wise schedule and seating arrangement will be published on the notice board and university website by June 1 2026. Students must carry valid ID cards to exams.,exam,students,,,urgent,TRUE,2026-06-25T00:00:00.000Z,2026-05-05T00:00:00.000Z,2026-05-05T00:00:00.000Z,0
69e2fde48a75c10c62fe8108,Mandatory Faculty Meeting May 15 2026,All faculty members must attend the mandatory meeting on May 15 2026 at 3:00 PM in the Conference Room. Agenda: curriculum review upcoming exam preparation and research initiatives. Attendance will be recorded.,general,faculty,,,medium,FALSE,2026-05-16T00:00:00.000Z,2026-05-03T00:00:00.000Z,2026-05-03T00:00:00.000Z,0
69e2fde48a75c10c62fe8109,CSE Department Annual Programming Contest 2026,Annual Programming Contest on May 20 2026 at CSE Lab. Topics: Data Structures Algorithms and Problem Solving. Open to all CSE students. Register by May 18. Prizes for top 3 winners. Contact CSE department for details.,event,students,CSE,,high,TRUE,2026-05-25T00:00:00.000Z,2026-05-02T00:00:00.000Z,2026-05-02T00:00:00.000Z,0
69e2fde48a75c10c62fe8110,Software Engineering Final Project Submission,Final project submission for SE course due May 30 2026. All groups must submit complete documentation source code and presentation slides via LMS. Late submissions will NOT be accepted under any circumstances.,academic,students,CSE,31A,urgent,TRUE,2026-06-05T00:00:00.000Z,2026-05-04T00:00:00.000Z,2026-05-04T00:00:00.000Z,0
69e2fde48a75c10c62fe8111,Eid-ul-Adha University Closure 2026,University will remain closed from June 25 to July 5 2026 for Eid-ul-Adha vacation. All classes and administrative activities resume on July 6 2026. Security staff will remain on duty.,general,all,,,low,FALSE,2026-07-10T00:00:00.000Z,2026-05-01T00:00:00.000Z,2026-05-01T00:00:00.000Z,0
69e2fde48a75c10c62fe8112,Annual Internship Fair 2026 Register Now,Annual Internship Fair on June 5-6 2026 at University Auditorium. Top companies including tech firms banks and multinationals will recruit interns. Bring updated CV and portfolio. Registration deadline June 1 2026.,event,students,,,high,TRUE,2026-06-10T00:00:00.000Z,2026-05-06T00:00:00.000Z,2026-05-06T00:00:00.000Z,0
69e2fde48a75c10c62fe8113,Unit Testing Hands-on Workshop for CSE Students,Hands-on workshop on Unit Testing using JUnit and PyTest on May 18 2026 at Lab 201 from 10 AM to 1 PM. All SE students strongly encouraged to attend. Certificate of participation provided. Registration required by May 16.,event,students,CSE,31A,medium,FALSE,2026-05-19T00:00:00.000Z,2026-05-08T00:00:00.000Z,2026-05-08T00:00:00.000Z,0
69e2fde48a75c10c62fe8114,Special Seminar on Integration Testing Types,Guest lecture on Integration Testing approaches: Big Bang Top-Down Bottom-Up and Sandwich. Speaker: Dr. Rahman from DU. Date: May 22 2026 at 2:30 PM. Venue: Virtual Room 3. Open to all CSE students and faculty.,event,students,CSE,,medium,FALSE,2026-05-23T00:00:00.000Z,2026-05-09T00:00:00.000Z,2026-05-09T00:00:00.000Z,0
69e2fde48a75c10c62fe8115,White Box vs Black Box Testing Distinguished Lecture,Distinguished lecture on White Box and Black Box Testing techniques with real-world industry examples. Date: May 25 2026 at 11:00 AM in Auditorium. Mandatory for CSE 327 students. Open to all interested.,academic,students,CSE,31A,high,FALSE,2026-05-26T00:00:00.000Z,2026-05-10T00:00:00.000Z,2026-05-10T00:00:00.000Z,0
69e2fde48a75c10c62fe8116,Alpha Testing Phase Guidelines for SE Projects,Internal Alpha Testing for SE projects begins May 15 2026. Teams must prepare comprehensive test cases and bug report templates. Testing conducted in Lab 204 under faculty supervision. Schedule: daily 10 AM to 3 PM.,academic,students,CSE,31A,urgent,TRUE,2026-05-20T00:00:00.000Z,2026-05-11T00:00:00.000Z,2026-05-11T00:00:00.000Z,0
69e2fde48a75c10c62fe8117,Beta Testing with End Users Scheduled,Beta testing phase for selected projects starts June 1 2026 with external end users participating. Project teams must deploy applications to test server by May 28 2026. Feedback forms available on LMS.,academic,students,CSE,31A,high,FALSE,2026-06-15T00:00:00.000Z,2026-05-12T00:00:00.000Z,2026-05-12T00:00:00.000Z,0
69e2fde48a75c10c62fe8118,Final Exam Routine Spring 2026 Published,Final examination routine for Spring 2026 semester now published. Exams commence from July 15 2026. Check university website or department notice board for your detailed schedule. Any conflicts must be reported by June 25.,exam,students,,,urgent,TRUE,2026-08-01T00:00:00.000Z,2026-06-20T00:00:00.000Z,2026-06-20T00:00:00.000Z,0
69e2fde48a75c10c62fe8119,CSE 327 Software Testing Quiz 1,Quiz 1 on Software Testing fundamentals covering Chapters 1-3: testing principles test case design and unit testing. Date: May 28 2026 during regular class time. Bring your own calculator. No make-up quizzes.,exam,students,CSE,31A,high,FALSE,2026-05-29T00:00:00.000Z,2026-05-13T00:00:00.000Z,2026-05-13T00:00:00.000Z,0
69e2fde48a75c10c62fe8120,EEE Department Lab Equipment Maintenance,EEE laboratories will be closed for equipment maintenance from May 25-27 2026. All lab classes during this period are rescheduled. Contact EEE department office for new schedule.,general,students,EEE,,medium,FALSE,2026-05-28T00:00:00.000Z,2026-05-14T00:00:00.000Z,2026-05-14T00:00:00.000Z,0
69e2fde48a75c10c62fe8121,Library Extended Hours During Midterm Exam Period,University library will remain open from 8:00 AM to 10:00 PM from June 1-20 2026 to support students during midterm examination preparation. Group study rooms available on first-come basis.,general,all,,,medium,FALSE,2026-06-21T00:00:00.000Z,2026-05-20T00:00:00.000Z,2026-05-20T00:00:00.000Z,0
69e2fde48a75c10c62fe8122,BBA Internship Report Submission Deadline,All BBA students completing internships must submit final reports by June 30 2026 to the department office. Reports must follow prescribed format available on LMS. Late submissions will result in grade deduction.,academic,students,BBA,,high,FALSE,2026-07-01T00:00:00.000Z,2026-05-15T00:00:00.000Z,2026-05-15T00:00:00.000Z,0
69e2fde48a75c10c62fe8123,Campus WiFi Maintenance Notice,Campus-wide WiFi network maintenance scheduled on May 16 2026 from 6:00 AM to 8:00 AM. Internet services may be intermittent during this period. Plan your online activities accordingly.,general,all,,,low,FALSE,2026-05-17T00:00:00.000Z,2026-05-14T00:00:00.000Z,2026-05-14T00:00:00.000Z,0
69e2fde48a75c10c62fe8124,MBA Admission Test Spring 2026 Scheduled,MBA admission test for Spring 2026 will be held on May 25 2026 at 10:00 AM in the MBA Building. Admit cards available for download from admission portal from May 20. Report by 9:30 AM with ID.,exam,prospective,,,high,TRUE,2026-05-26T00:00:00.000Z,2026-05-01T00:00:00.000Z,2026-05-01T00:00:00.000Z,0
69e2fde48a75c10c62fe8125,Voluntary Blood Donation Camp May 2026,Voluntary blood donation camp organized at University Health Center on May 20 2026 from 9:00 AM to 4:00 PM. All healthy students faculty and staff are encouraged to participate. Free health checkup for donors.,event,all,,,medium,FALSE,2026-05-21T00:00:00.000Z,2026-05-10T00:00:00.000Z,2026-05-10T00:00:00.000Z,0
69e2fde48a75c10c62fe8126,Spring 2026 Tuition Fee Payment Deadline,Last date for paying Spring 2026 semester tuition fees without late fine is May 31 2026. Payments accepted at accounts office or through online banking. After deadline a late fine of BDT 500 applies.,general,students,,,high,TRUE,2026-06-01T00:00:00.000Z,2026-05-01T00:00:00.000Z,2026-05-01T00:00:00.000Z,0
69e2fde48a75c10c62fe8127,Career Development Workshop for CSE Final Year,Workshop on Resume Writing and Interview Skills for CSE final year students on May 22 2026 at 10 AM. Industry experts from IT companies will conduct mock interviews. Registration required by May 20. Limited seats.,event,students,CSE,,high,FALSE,2026-05-23T00:00:00.000Z,2026-05-12T00:00:00.000Z,2026-05-12T00:00:00.000Z,0
69e2fde48a75c10c62fe8128,University Research Grant Proposals 2026-2027,Faculty members invited to submit research grant proposals for 2026-2027 cycle. Deadline: June 15 2026. Proposal format and guidelines available at Research Cell office. Funding up to BDT 200000 per approved project.,academic,faculty,,,medium,FALSE,2026-06-16T00:00:00.000Z,2026-05-05T00:00:00.000Z,2026-05-05T00:00:00.000Z,0
69e2fde48a75c10c62fe8129,LLB Intra-Department Moot Court Competition,Annual intra-department moot court competition on June 2-3 2026 at Law Moot Court Room. Registration open until May 28. Teams of 3 members. Topic released on May 20. Winners represent PCIU at national competition.,event,students,LLB,,high,TRUE,2026-06-04T00:00:00.000Z,2026-05-18T00:00:00.000Z,2026-05-18T00:00:00.000Z,0
69e2fde48a75c10c62fe8130,Student ID Card Renewal Spring 2026,All continuing students must renew ID cards for Spring 2026 by May 30 2026. Visit IT section with admission receipt and old ID card. Operating hours: Sunday to Thursday 10 AM to 3 PM.,general,students,,,medium,FALSE,2026-05-31T00:00:00.000Z,2026-05-10T00:00:00.000Z,2026-05-10T00:00:00.000Z,0
69e2fde48a75c10c62fe8131,Department of English Poetry Recitation Event,The Department of English organizes a Poetry Recitation event on May 19 2026 at 3:00 PM in ENG Seminar Room to celebrate World Poetry Day. Interested students register by May 17. Certificates for all participants.,event,students,ENG,,low,FALSE,2026-05-20T00:00:00.000Z,2026-05-08T00:00:00.000Z,2026-05-08T00:00:00.000Z,0
69e2fde48a75c10c62fe8132,Mandatory Industrial Site Visit for CEN Students,Mandatory industrial site visit for Civil Engineering students on May 21 2026 to ongoing construction project. Transportation provided. Departure at 7:00 AM from main gate. Safety gear mandatory. Return by 5 PM.,academic,students,CEN,,high,FALSE,2026-05-22T00:00:00.000Z,2026-05-11T00:00:00.000Z,2026-05-11T00:00:00.000Z,0
69e2fde48a75c10c62fe8133,Inter-Department Sports Week 2026 Registration,Inter-department Sports Week from June 8-12 2026. Events: Cricket Football Badminton Table Tennis and Chess. Register your department team by June 1 2026 at Sports Office. Opening ceremony June 8 at 9 AM.,event,all,,,medium,FALSE,2026-06-02T00:00:00.000Z,2026-05-15T00:00:00.000Z,2026-05-15T00:00:00.000Z,0
69e2fde48a75c10c62fe8134,EEE Final Year Capstone Project Showcase,Final year EEE students will showcase capstone projects on May 30 2026 from 10 AM to 4 PM at EEE Building. Industry professionals invited as judges. All students and faculty welcome to attend.,event,all,EEE,,high,TRUE,2026-05-31T00:00:00.000Z,2026-05-20T00:00:00.000Z,2026-05-20T00:00:00.000Z,0
69e2fde48a75c10c62fe8135,Anti-Ragging Awareness Seminar Mandatory for Freshers,Proctors Office organizes Anti-Ragging Awareness Seminar on May 16 2026 at 11 AM in Auditorium. Attendance mandatory for all first-year students of all departments. Zero tolerance policy explained.,general,students,,,urgent,TRUE,2026-05-17T00:00:00.000Z,2026-05-09T00:00:00.000Z,2026-05-09T00:00:00.000Z,0
69e2fde48a75c10c62fe8136,BFT Sustainable Fashion Design Competition,Department of BFT hosts Fabric Design Competition with theme Sustainable Fashion. Submissions accepted until May 29 2026 at BFT department. Winners exhibited at annual fashion show. Open to all BFT students.,event,students,BFT,,medium,FALSE,2026-05-30T00:00:00.000Z,2026-05-14T00:00:00.000Z,2026-05-14T00:00:00.000Z,0
69e2fde48a75c10c62fe8137,MCSE Thesis Defense Schedule Spring 2026,MS in CSE thesis defense for Spring 2026 batch scheduled June 15-17 2026. Candidates must submit final dissertation copies in both soft and hard formats by June 5 2026 to examination controller office.,exam,students,MCSE,,urgent,TRUE,2026-06-18T00:00:00.000Z,2026-05-20T00:00:00.000Z,2026-05-20T00:00:00.000Z,0
69e2fde48a75c10c62fe8138,Academic Calendar Summer 2026 Published,Academic calendar for Summer 2026 semester published. Classes begin August 1 2026. Registration dates course offerings and fee schedule available on university website. Hard copies at registrar office.,academic,all,,,medium,FALSE,2026-08-15T00:00:00.000Z,2026-06-10T00:00:00.000Z,2026-06-10T00:00:00.000Z,0
69e2fde48a75c10c62fe8139,CSE 327 Test Case Design Assignment Due May 25,Assignment on designing test cases using Equivalence Partitioning and Boundary Value Analysis. Due May 25 2026 via LMS. Late submissions penalized at 10 percent per day. Refer to textbook chapters 5-6.,academic,students,CSE,31A,high,FALSE,2026-05-26T00:00:00.000Z,2026-05-12T00:00:00.000Z,2026-05-12T00:00:00.000Z,0
69e2fde48a75c10c62fe8140,Founders Day Celebration June 2026,Port City International University celebrates Founders Day on June 20 2026. Cultural program alumni reunion and special recognition ceremony from 10:00 AM. All students faculty alumni and staff cordially invited.,event,all,,,high,TRUE,2026-06-21T00:00:00.000Z,2026-06-01T00:00:00.000Z,2026-06-01T00:00:00.000Z,0
69e2fde48a75c10c62fe8141,Free Student Counseling Services Available,Student Welfare Office offers free professional counseling services. Students facing academic stress personal issues or mental health concerns can book confidential appointments via email welfare@portcity.edu.bd or walk-in Tuesday Thursday 2-4 PM.,general,students,,,low,FALSE,2026-12-31T00:00:00.000Z,2026-05-01T00:00:00.000Z,2026-05-01T00:00:00.000Z,0
69e2fde48a75c10c62fe8142,BBA Final Year Project Presentation Schedule,BBA final year project presentations from June 5-8 2026. Detailed group-wise schedule posted on BBA department notice board. All group members must be present. Professional attire required. External examiner present.,exam,students,BBA,,urgent,TRUE,2026-06-09T00:00:00.000Z,2026-05-25T00:00:00.000Z,2026-05-25T00:00:00.000Z,0
69e2fde48a75c10c62fe8143,JRN Digital Media and Fact-Checking Workshop,Department of Journalism organizes workshop on Digital Media and Fact-Checking on May 24 2026 at Media Lab. Renowned journalist Mr. Hasan will facilitate. Hands-on training included. Limited to 30 participants.,event,students,JRN,,medium,FALSE,2026-05-25T00:00:00.000Z,2026-05-12T00:00:00.000Z,2026-05-12T00:00:00.000Z,0
69e2fde48a75c10c62fe8144,CSE 31A Temporary Classroom Relocation,CSE 31A classes temporarily moved to Room 305 from May 20-24 2026 due to maintenance work in original classroom. Normal classroom resumes May 25. Notice posted on both rooms.,general,students,CSE,31A,medium,FALSE,2026-05-25T00:00:00.000Z,2026-05-18T00:00:00.000Z,2026-05-18T00:00:00.000Z,0
69e2fde48a75c10c62fe8145,Online Registration System Scheduled Downtime,Online registration system will undergo maintenance on May 17 2026 from 12:00 AM to 6:00 AM. No registrations can be processed during this window. Plan your registration activities accordingly.,general,all,,,medium,FALSE,2026-05-17T00:00:00.000Z,2026-05-15T00:00:00.000Z,2026-05-15T00:00:00.000Z,0
69e2fde48a75c10c62fe8146,EEE and CEN Capstone Project Group Formation,EEE and CEN students enrolled in capstone project courses must form groups of 3-4 members and submit topic with supervisor approval by May 22 2026. Form available at department office.,academic,students,EEE,,high,FALSE,2026-05-23T00:00:00.000Z,2026-05-08T00:00:00.000Z,2026-05-08T00:00:00.000Z,0
69e2fde48a75c10c62fe8147,University Transport Service Schedule Update,University bus schedule updated for summer effective May 20 2026. New routes and timings available at transport office notice board and website. Contact transport office for route change requests.,general,all,,,low,FALSE,2026-06-20T00:00:00.000Z,2026-05-15T00:00:00.000Z,2026-05-15T00:00:00.000Z,0
69e2fde48a75c10c62fe8148,University Cafeteria Revised Menu and Pricing,Cafeteria has revised menu and prices effective May 15 2026. New menu cards displayed at cafeteria entrance. Quality feedback welcomed via admin office or online suggestion box.,general,all,,,low,FALSE,2026-06-15T00:00:00.000Z,2026-05-10T00:00:00.000Z,2026-05-10T00:00:00.000Z,0
69e2fde48a75c10c62fe8149,Make-up Class EEE 2101 May 18 2026,Make-up class for EEE 2101 (missed on April 14 due to holiday) will be held on May 18 2026 from 2:00 PM to 3:30 PM in Room 402. Attendance mandatory. Bring previous lecture notes.,academic,students,EEE,,medium,FALSE,2026-05-19T00:00:00.000Z,2026-05-12T00:00:00.000Z,2026-05-12T00:00:00.000Z,0
69e2fde48a75c10c62fe8150,Research Cell Mandatory Plagiarism Check Policy,Research Cell mandates all theses and dissertations undergo Turnitin plagiarism check before final submission. Maximum allowed similarity index is 20 percent. Reports must be attached with final submission.,academic,students,MCSE,,urgent,TRUE,2026-07-01T00:00:00.000Z,2026-05-25T00:00:00.000Z,2026-05-25T00:00:00.000Z,0
69e2fde48a75c10c62fe8151,PCIU Alumni Association Networking Dinner,PCIU Alumni Association hosts networking dinner on June 12 2026 at 7 PM at university campus. All alumni cordially invited. Registration required at alumni.portcity.edu.bd by June 5. Reconnect and network.,event,alumni,,,medium,FALSE,2026-06-13T00:00:00.000Z,2026-05-25T00:00:00.000Z,2026-05-25T00:00:00.000Z,0
69e2fde48a75c10c62fe8152,Lost and Found Items Collection Notice,Items including USB drives calculators ID cards and keys found on campus. Check Proctors Office notice board for list. Claim by May 30 2026 with proper identification. Unclaimed items will be disposed.,general,all,,,low,FALSE,2026-05-31T00:00:00.000Z,2026-05-16T00:00:00.000Z,2026-05-16T00:00:00.000Z,0
69e2fde48a75c10c62fe8153,Automated Testing Tools Lab Session Selenium JIRA Postman,Hands-on lab session on Selenium JIRA and Postman for automated testing on May 26 2026 at 10:00 AM in Lab 203. Limited to 25 seats priority for SE students. Bring your own laptop with software pre-installed.,event,students,CSE,,high,FALSE,2026-05-27T00:00:00.000Z,2026-05-18T00:00:00.000Z,2026-05-18T00:00:00.000Z,0
69e2fde48a75c10c62fe8154,Graduation Application Summer 2026 Now Open,Applications for Summer 2026 graduation now open. Eligible students apply through student portal by July 15 2026. Check your academic record for completeness before applying. Fee: BDT 3000.,academic,students,,,urgent,TRUE,2026-07-16T00:00:00.000Z,2026-06-01T00:00:00.000Z,2026-06-01T00:00:00.000Z,0
69e2fde48a75c10c62fe8155,ENF World Environment Day Green Campus Rally,Department of Environmental Science organizes Green Campus Rally on June 5 2026 (World Environment Day) at 9:00 AM starting from main gate. Tree plantation ceremony follows. All departments encouraged to participate.,event,all,ENF,,medium,FALSE,2026-06-06T00:00:00.000Z,2026-05-28T00:00:00.000Z,2026-05-28T00:00:00.000Z,0
69e2fde48a75c10c62fe8156,MJR Student Documentary Screening May 29,Screening of student-made documentaries from MJR department on May 29 2026 at 4 PM in Media Studio. Topics: Social issues of Bangladesh. Q and A session with filmmakers follows screening.,event,all,MJR,,low,FALSE,2026-05-30T00:00:00.000Z,2026-05-19T00:00:00.000Z,2026-05-19T00:00:00.000Z,0
69e2fde48a75c10c62fe8157,Parking Area Restriction for Sports Week Opening,Due to Sports Week opening ceremony main parking area reserved for guests on June 8 2026 from 7 AM to 2 PM. Alternative parking available at South Campus lot. Cooperation requested.,general,all,,,medium,FALSE,2026-06-09T00:00:00.000Z,2026-06-01T00:00:00.000Z,2026-06-01T00:00:00.000Z,0
69e2fde48a75c10c62fe8158,SE Make-up Class System Testing and Acceptance Testing,Make-up class on System Testing and Acceptance Testing for CSE 327 on May 19 2026 at 4:00 PM in Room 301. Attendance mandatory. Will cover topics for final exam.,academic,students,CSE,31A,high,FALSE,2026-05-20T00:00:00.000Z,2026-05-15T00:00:00.000Z,2026-05-15T00:00:00.000Z,0
69e2fde48a75c10c62fe8159,Course Withdrawal Deadline Spring 2026,Last date to withdraw from a course for Spring 2026 semester is May 31 2026. Withdrawal forms must be signed by course instructor and department head. W grade appears on transcript after this date.,academic,students,,,high,FALSE,2026-06-01T00:00:00.000Z,2026-05-20T00:00:00.000Z,2026-05-20T00:00:00.000Z,0
69e2fde48a75c10c62fe8160,LMF Free Legal Aid Camp May 27,Department of Law and Media Foundation organizes free legal aid camp on May 27 2026 from 10 AM to 4 PM at university premises. External legal experts and advocates present. Open to university community and nearby residents.,event,all,LMF,,medium,FALSE,2026-05-28T00:00:00.000Z,2026-05-15T00:00:00.000Z,2026-05-15T00:00:00.000Z,0
69e2fde48a75c10c62fe8161,IQAC Annual Quality Assurance Survey,Institutional Quality Assurance Cell requests all students and faculty to complete annual quality assurance survey by May 30 2026. Link available at portcity.edu.bd/iqac-survey. Your feedback shapes university improvements.,general,all,,,medium,FALSE,2026-05-31T00:00:00.000Z,2026-05-20T00:00:00.000Z,2026-05-20T00:00:00.000Z,0
69e2fde48a75c10c62fe8162,CSE Building Scheduled Power Outage May 16,Scheduled electrical maintenance at CSE Building on May 16 2026 from 12:00 PM to 2:00 PM. Plan lab work accordingly. Save all work before 12 PM. Generators will power emergency lights only.,general,all,CSE,,high,FALSE,2026-05-17T00:00:00.000Z,2026-05-13T00:00:00.000Z,2026-05-13T00:00:00.000Z,0
69e2fde48a75c10c62fe8163,Teacher Evaluation by Students Spring 2026,Spring 2026 teacher evaluation forms available on student portal. Students must submit evaluations for all enrolled courses by June 5 2026. Anonymous feedback ensures quality teaching.,academic,students,,,medium,FALSE,2026-06-06T00:00:00.000Z,2026-05-25T00:00:00.000Z,2026-05-25T00:00:00.000Z,0
69e2fde48a75c10c62fe8164,CSE 327 Regression Testing Group Presentations,Student groups present on Regression Testing strategies and tools on May 27 2026 during class. Upload presentation slides to LMS by May 26 midnight. 15 minutes per group including Q and A.,academic,students,CSE,31A,high,FALSE,2026-05-28T00:00:00.000Z,2026-05-17T00:00:00.000Z,2026-05-17T00:00:00.000Z,0
69e2fde48a75c10c62fe8165,Merit-Based and Need-Based Scholarship Applications Open,Applications open for Merit-Based and Need-Based Scholarships for 2026-2027 academic year until June 30 2026. Apply through financial aid portal with required documents. Results announced July 15.,academic,students,,,high,TRUE,2026-07-01T00:00:00.000Z,2026-05-15T00:00:00.000Z,2026-05-15T00:00:00.000Z,0
69e2fde48a75c10c62fe8166,PCIU IEEE Student Branch Annual General Meeting,Annual General Meeting of PCIU IEEE Student Branch on May 28 2026 at 3 PM in EEE Seminar Room. New committee election and project planning session. All members must attend.,event,students,IEEE,,medium,FALSE,2026-05-29T00:00:00.000Z,2026-05-18T00:00:00.000Z,2026-05-18T00:00:00.000Z,0
69e2fde48a75c10c62fe8167,University Clubs Recruitment Drive May 2026,University clubs including Debate Photography Drama and IT Club hold recruitment drive on May 22-23 2026 at Student Center from 10 AM to 3 PM. New members welcome. Join and explore your talents.,event,students,,,low,FALSE,2026-05-24T00:00:00.000Z,2026-05-12T00:00:00.000Z,2026-05-12T00:00:00.000Z,0
69e2fde48a75c10c62fe8168,MCSE Spring 2026 New Student Orientation,Orientation program for newly admitted Master of CSE students on May 20 2026 at 3:00 PM in MCSE Seminar Room. Introduction to program structure faculty and facilities. Attendance mandatory.,event,students,MCSE,,high,FALSE,2026-05-21T00:00:00.000Z,2026-05-10T00:00:00.000Z,2026-05-10T00:00:00.000Z,0
69e2fde48a75c10c62fe8169,BBA Industrial Tour 2026 Registration Open,Registration for BBA Industrial Tour 2026 open until May 25. Destinations: EPZ and major factories in Chittagong. Tour date: May 30. Fee: BDT 1500 per student. Register at BBA department office.,event,students,BBA,,medium,FALSE,2026-05-26T00:00:00.000Z,2026-05-15T00:00:00.000Z,2026-05-15T00:00:00.000Z,0
69e2fde48a75c10c62fe8170,Spring 2026 Semester Break Announcement,Spring 2026 semester classes end on July 5 2026. Semester break: July 6 to August 1 2026. Summer 2026 classes start August 2. Administrative offices remain open during break Sunday to Thursday.,academic,all,,,medium,FALSE,2026-08-02T00:00:00.000Z,2026-06-15T00:00:00.000Z,2026-06-15T00:00:00.000Z,0
69e2fde48a75c10c62fe8171,PCIU CSE Hackathon 2026 Smart Bangladesh,PCIU CSE Hackathon 2026 from May 31 to June 1 2026 (36 hours). Theme: Smart Bangladesh. Registration: 3-member teams by May 25 at CSE department. Exciting prizes and industry mentorship.,event,students,CSE,,high,TRUE,2026-05-26T00:00:00.000Z,2026-05-10T00:00:00.000Z,2026-05-10T00:00:00.000Z,0
69e2fde48a75c10c62fe8172,CSE Capstone Project Supervisor Allocation Published,Final allocation of supervisors for CSE capstone projects and theses published on CSE department board. Check your assigned supervisor and schedule first meeting before May 25 2026.,academic,students,CSE,,urgent,TRUE,2026-05-25T00:00:00.000Z,2026-05-16T00:00:00.000Z,2026-05-16T00:00:00.000Z,0
69e2fde48a75c10c62fe8173,BTE Remedial Mathematics Classes,Special remedial classes on Applied Mathematics for BTE students start from May 22 2026. Schedule: Every Saturday and Monday at 5:00 PM in Room 101. Attendance recommended for struggling students.,academic,students,BTE,,medium,FALSE,2026-06-22T00:00:00.000Z,2026-05-18T00:00:00.000Z,2026-05-18T00:00:00.000Z,0
69e2fde48a75c10c62fe8174,Academic Probation Student Advisory Meetings,Students on academic probation must meet with academic advisors by May 30 2026 to discuss improvement plan and sign probation contract. Failure to comply may result in enrollment cancellation next semester.,academic,students,,,urgent,TRUE,2026-05-31T00:00:00.000Z,2026-05-15T00:00:00.000Z,2026-05-15T00:00:00.000Z,0
69e2fde48a75c10c62fe8175,Campus Emergency Evacuation Drill May 25,Mandatory emergency evacuation drill on May 25 2026 at 11:00 AM. All persons on campus must participate. Treat alarms as real emergency. Follow evacuation routes posted in each building.,general,all,,,high,TRUE,2026-05-25T00:00:00.000Z,2026-05-18T00:00:00.000Z,2026-05-18T00:00:00.000Z,0
69e2fde48a75c10c62fe8176,Post-Eid Reunion and Cultural Night,Post-Eid-ul-Fitr reunion and cultural night organized by Student Welfare Office on April 5 2026 at 6:30 PM at university playground. Cultural performances games and dinner. All students welcome.,event,all,,,low,FALSE,2026-04-06T00:00:00.000Z,2026-03-29T00:00:00.000Z,2026-03-29T00:00:00.000Z,0
69e2fde48a75c10c62fe8177,CSE 327 Assignment Black Box Testing Techniques,Assignment on Boundary Value Analysis and Equivalence Partitioning techniques posted on LMS. Due May 20 2026. Include proper diagrams and test case tables. Individual submission required.,academic,students,CSE,31A,high,FALSE,2026-05-21T00:00:00.000Z,2026-05-12T00:00:00.000Z,2026-05-12T00:00:00.000Z,0
69e2fde48a75c10c62fe8178,CSE 327 Assignment White Box Testing Techniques,Assignment on Statement Coverage Branch Coverage and Path Coverage with examples due May 22 2026 via LMS. Draw control flow graphs and calculate coverage metrics.,academic,students,CSE,31A,high,FALSE,2026-05-23T00:00:00.000Z,2026-05-13T00:00:00.000Z,2026-05-13T00:00:00.000Z,0
69e2fde48a75c10c62fe8179,Research Methodology Workshop for Faculty and Graduate Students,Research Cell conducts 2-day workshop on Research Methodology on May 24-25 2026 from 10 AM to 4 PM. Topics: literature review data analysis and academic writing. Registration required by May 20.,event,faculty,,,medium,FALSE,2026-05-26T00:00:00.000Z,2026-05-10T00:00:00.000Z,2026-05-10T00:00:00.000Z,0
69e2fde48a75c10c62fe8180,Course Add-Drop Period Extended Spring 2026,Add-drop period for Spring 2026 extended until February 20 2026. Changes via student portal. No add-drop permitted after this date without special approval from Academic Council.,academic,students,,,high,FALSE,2026-02-21T00:00:00.000Z,2026-02-10T00:00:00.000Z,2026-02-10T00:00:00.000Z,0
69e2fde48a75c10c62fe8181,Payment Receipt Verification Required,All students must verify payment receipts against online accounts by May 30 2026. Discrepancies must be reported to accounts department immediately. Clearance holds placed on unverified accounts.,general,students,,,medium,FALSE,2026-05-31T00:00:00.000Z,2026-05-20T00:00:00.000Z,2026-05-20T00:00:00.000Z,0
69e2fde48a75c10c62fe8182,Student Grievance Redressal Cell Active,Confidential Grievance Redressal Cell available for students to report academic or administrative issues. Contact: grievances@portcity.edu.bd or walk-in Tuesday and Thursday 2-4 PM at Proctors Office.,general,students,,,low,FALSE,2026-12-31T00:00:00.000Z,2026-05-01T00:00:00.000Z,2026-05-01T00:00:00.000Z,0
69e2fde48a75c10c62fe8183,5th Convocation Date Announcement,The 5th Convocation of Port City International University scheduled for September 25 2026. Eligible graduates will receive email notification with registration details. Rehearsal on September 24.,event,all,,,high,TRUE,2026-09-26T00:00:00.000Z,2026-06-01T00:00:00.000Z,2026-06-01T00:00:00.000Z,0
69e2fde48a75c10c62fe8184,EEE 3210 VLSI Design Practical Lab Test,Practical lab test for VLSI Design scheduled May 29 2026 during regular lab hours. Bring lab notebooks and completed circuit designs. Viva voce component included.,exam,students,EEE,,high,FALSE,2026-05-30T00:00:00.000Z,2026-05-19T00:00:00.000Z,2026-05-19T00:00:00.000Z,0
69e2fde48a75c10c62fe8185,Freelancing and Outsourcing Career Seminar,Career Development Center presents seminar on Freelancing and Outsourcing for students on May 30 2026 at 3 PM. Learn to earn while studying. Successful freelancers share experiences.,event,students,,,medium,FALSE,2026-05-31T00:00:00.000Z,2026-05-20T00:00:00.000Z,2026-05-20T00:00:00.000Z,0
69e2fde48a75c10c62fe8186,Cyber Security Awareness Month May 2026 Activities,May is Cyber Security Awareness Month at PCIU. Quizzes poster competitions and expert workshops planned throughout the month. Grand prize for Cyber Security Champion. Check IT department notice board for schedule.,event,all,,,medium,FALSE,2026-05-31T00:00:00.000Z,2026-05-01T00:00:00.000Z,2026-05-01T00:00:00.000Z,0
69e2fde48a75c10c62fe8187,BFT Annual Fashion Show Auditions,Auditions for BFT Annual Fashion Show 2026 on May 26 2026 at BFT Design Studio from 2 PM. Open to all BFT students. Bring portfolio and one finished garment.,event,students,BFT,,medium,FALSE,2026-05-27T00:00:00.000Z,2026-05-16T00:00:00.000Z,2026-05-16T00:00:00.000Z,0
69e2fde48a75c10c62fe8188,Student Feedback on Cafeteria Services Requested,Students requested to provide feedback on cafeteria services through online survey form available on university portal. Survey closes May 28. Your input helps improve food quality and service.,general,students,,,low,FALSE,2026-05-29T00:00:00.000Z,2026-05-18T00:00:00.000Z,2026-05-18T00:00:00.000Z,0
69e2fde48a75c10c62fe8189,International Conference on Computing and Informatics 2026 Call for Papers,PCIU hosts ICCI 2026 from December 10-12 2026. Call for papers now open. Submission deadline July 30 2026. Accepted papers published in Scopus-indexed proceedings. Visit conference website for topics.,event,faculty,,,high,TRUE,2026-07-31T00:00:00.000Z,2026-05-01T00:00:00.000Z,2026-05-01T00:00:00.000Z,0
69e2fde48a75c10c62fe8190,CSE Lab Access During Eid-ul-Adha Holidays,CSE labs accessible for project and thesis students during Eid-ul-Adha holidays (June 25-July 5) from 9 AM to 5 PM. Valid ID and written supervisor approval required for access.,general,students,CSE,,medium,FALSE,2026-07-06T00:00:00.000Z,2026-06-20T00:00:00.000Z,2026-06-20T00:00:00.000Z,0
69e2fde48a75c10c62fe8191,SE Project Team Formation Deadline,Last date to form groups for Software Engineering project is May 15 2026. Group leader must submit member list with names and IDs to course teacher by email. No changes after deadline.,academic,students,CSE,31A,urgent,TRUE,2026-05-16T00:00:00.000Z,2026-05-08T00:00:00.000Z,2026-05-08T00:00:00.000Z,0
69e2fde48a75c10c62fe8192,ENF E-Waste Collection Drive June 2026,ENF department organizes e-waste collection drive from June 1-5 2026. Drop old electronics phones chargers cables at designated bins near main gate. Certified e-waste recycling ensured.,event,all,ENF,,low,FALSE,2026-06-06T00:00:00.000Z,2026-05-25T00:00:00.000Z,2026-05-25T00:00:00.000Z,0
69e2fde48a75c10c62fe8193,CSE 327 Group Study Session STLC and V-Model,Peer-led group study session on Software Testing Life Cycle and V-Model on May 17 2026 from 4-6 PM at Library Study Room 3. Peer tutors available. Bring textbook and notes.,academic,students,CSE,31A,low,FALSE,2026-05-18T00:00:00.000Z,2026-05-13T00:00:00.000Z,2026-05-13T00:00:00.000Z,0
69e2fde48a75c10c62fe8194,National Mourning Day Special Assembly August 15,Special prayer and discussion meeting on August 15 2026 at 10 AM in University Auditorium to observe National Mourning Day. Attendance mandatory for all students and staff.,event,all,,,high,TRUE,2026-08-16T00:00:00.000Z,2026-08-10T00:00:00.000Z,2026-08-10T00:00:00.000Z,0
69e2fde48a75c10c62fe8195,CEN 4100 Structural Analysis Viva Voce Schedule,Viva voce examination for Structural Analysis course commences from May 23 2026. Individual time slots posted on CEN department board. Report 30 minutes before your scheduled time.,exam,students,CEN,,high,FALSE,2026-05-30T00:00:00.000Z,2026-05-14T00:00:00.000Z,2026-05-14T00:00:00.000Z,0
69e2fde48a75c10c62fe8196,Visitor Policy and Campus Security Reminder,Visitors not allowed in classrooms and labs without prior permission from department head. All guests must sign in at security desk and wear visitor badge. Violations subject to disciplinary action.,general,all,,,low,FALSE,2026-12-31T00:00:00.000Z,2026-05-01T00:00:00.000Z,2026-05-01T00:00:00.000Z,0
69e2fde48a75c10c62fe8197,Inter-University English Debate Championship Finals,English Department Debating Club hosts inter-university debate championship finals on May 31 2026 at 10 AM in Auditorium. Come support PCIU team. Admission free.,event,all,ENG,,medium,FALSE,2026-06-01T00:00:00.000Z,2026-05-21T00:00:00.000Z,2026-05-21T00:00:00.000Z,0
69e2fde48a75c10c62fe8198,ENG 101 Permanent Classroom Change to Language Lab,Venue for ENG 101 lectures permanently shifted from Room 201 to Language Lab (Admin Building 2nd Floor) effective May 13 2026. Check updated routine on portal.,general,students,ENG,,medium,FALSE,2026-06-13T00:00:00.000Z,2026-05-12T00:00:00.000Z,2026-05-12T00:00:00.000Z,0
69e2fde48a75c10c62fe8199,Student Startup Idea Pitch Competition 2026,Innovation and Entrepreneurship Club presents Startup Idea Pitch Competition on June 2 2026 at 2 PM. Winner receives seed funding of BDT 50000. Register by May 28 with one-page idea summary.,event,students,,,high,TRUE,2026-05-29T00:00:00.000Z,2026-05-15T00:00:00.000Z,2026-05-15T00:00:00.000Z,0
69e2fde48a75c10c62fe8200,Final Clearance for Graduating Students June Deadline,Graduating students must obtain clearance from Library Accounts and Proctors Office by June 30 2026 to receive provisional certificates. Clearance form available at Registrar Office. No clearance no certificate.,general,students,,,urgent,TRUE,2026-07-01T00:00:00.000Z,2026-06-01T00:00:00.000Z,2026-06-01T00:00:00.000Z,0
69e2fde48a75c10c62fe8201,CSE 327 Software Testing Final Project,Final project: Build a complete test suite for a given application. Submit test plan test cases bug reports and automation scripts. Due June 15 2026. Group of 3-4 students.,academic,students,CSE,31A,urgent,TRUE,2026-06-16T00:00:00.000Z,2026-05-25T00:00:00.000Z,2026-05-25T00:00:00.000Z,0
69e2fde48a75c10c62fe8202,Summer 2026 Advance Registration Opens,Advance registration for Summer 2026 semester opens June 1 2026 for continuing students. Priority given to students with cleared dues. Register early to secure preferred sections.,academic,students,,,high,TRUE,2026-06-15T00:00:00.000Z,2026-05-28T00:00:00.000Z,2026-05-28T00:00:00.000Z,0
69e2fde48a75c10c62fe8203,CSE Alumni Virtual Meetup 2026,Virtual meetup for CSE alumni on June 10 2026 at 8 PM via Zoom. Share experiences network and mentor current students. Registration link on alumni portal.,event,alumni,CSE,,medium,FALSE,2026-06-11T00:00:00.000Z,2026-05-20T00:00:00.000Z,2026-05-20T00:00:00.000Z,0
69e2fde48a75c10c62fe8204,Library Book Exhibition on Software Engineering,Library organizes book exhibition on Software Engineering Testing and QA from May 25-28 2026. New arrivals and reference books displayed. Special discount for students through publisher partner.,event,all,,,low,FALSE,2026-05-29T00:00:00.000Z,2026-05-22T00:00:00.000Z,2026-05-22T00:00:00.000Z,0
69e2fde48a75c10c62fe8205,BBA Strategic Management Case Study Competition,Case study competition for BBA students on June 3 2026. Teams of 4. Real business cases from Bangladeshi companies. Prize BDT 25000. Register by May 28.,event,students,BBA,,high,FALSE,2026-06-04T00:00:00.000Z,2026-05-18T00:00:00.000Z,2026-05-18T00:00:00.000Z,0
69e2fde48a75c10c62fe8206,Supervisor-Student Meeting for Thesis Students,Mandatory monthly meeting for all thesis students with supervisors on May 29 2026. Progress reports must be submitted before meeting. Attendance recorded.,academic,students,MCSE,,high,TRUE,2026-05-30T00:00:00.000Z,2026-05-22T00:00:00.000Z,2026-05-22T00:00:00.000Z,0
69e2fde48a75c10c62fe8207,EEE Robotics Workshop Using Arduino,Hands-on robotics workshop using Arduino on June 1 2026 at EEE Lab. Components provided. Basic programming knowledge required. Registration fee BDT 300. Limited 40 seats.,event,students,EEE,,medium,FALSE,2026-06-02T00:00:00.000Z,2026-05-20T00:00:00.000Z,2026-05-20T00:00:00.000Z,0
69e2fde48a75c10c62fe8208,CSE 327 Quiz 2 on Integration and System Testing,Quiz 2 covering Integration Testing (all types) and System Testing. Date: June 2 2026. Weightage 15%. Study chapters 7-9 of textbook.,exam,students,CSE,31A,high,FALSE,2026-06-03T00:00:00.000Z,2026-05-26T00:00:00.000Z,2026-05-26T00:00:00.000Z,0
69e2fde48a75c10c62fe8209,Internship Opportunity at Tech Mahindra,Tech Mahindra hiring interns from CSE EEE and BBA. Apply by June 5 2026. Interview on June 12. Stipend BDT 15000/month. Eligibility: CGPA 3.00+ and no active backlogs.,event,students,,,urgent,TRUE,2026-06-06T00:00:00.000Z,2026-05-25T00:00:00.000Z,2026-05-25T00:00:00.000Z,0
69e2fde48a75c10c62fe8210,CEN Survey Camp Registration 2026,Registration for Civil Engineering Survey Camp (June 15-25 2026) open until June 5. Camp location: Bandarban. Fee BDT 5500 includes accommodation food and transport.,academic,students,CEN,,high,TRUE,2026-06-06T00:00:00.000Z,2026-05-20T00:00:00.000Z,2026-05-20T00:00:00.000Z,0
69e2fde48a75c10c62fe8211,BTE Biotechnology Seminar on Genetic Engineering,Seminar on Advances in Genetic Engineering on June 4 2026 at 11 AM. Speaker: Prof. Dr. Selina Akhter (DU). Open to all BTE and CSE students interested in bioinformatics.,event,students,BTE,,medium,FALSE,2026-06-05T00:00:00.000Z,2026-05-26T00:00:00.000Z,2026-05-26T00:00:00.000Z,0
69e2fde48a75c10c62fe8212,LLB Internship Placement Drive,Law firms and corporate legal departments recruiting LLB interns. Interview on June 8 2026. Bring CV and cover letter. Registration at Law department by June 3.,event,students,LLB,,high,FALSE,2026-06-09T00:00:00.000Z,2026-05-25T00:00:00.000Z,2026-05-25T00:00:00.000Z,0
69e2fde48a75c10c62fe8213,MJR Photography Exhibition Faces of Port City,Photography exhibition by MJR students on June 7-8 2026 at Student Center. Theme: Faces of Port City. Open for all. Vote for your favorite photo.,event,all,MJR,,low,FALSE,2026-06-09T00:00:00.000Z,2026-05-30T00:00:00.000Z,2026-05-30T00:00:00.000Z,0
69e2fde48a75c10c62fe8214,Financial Aid Deadline for Summer 2026,Need-based financial aid application deadline for Summer 2026 is June 15 2026. Apply via financial aid portal with income certificates and academic records.,academic,students,,,urgent,TRUE,2026-06-16T00:00:00.000Z,2026-05-20T00:00:00.000Z,2026-05-20T00:00:00.000Z,0
69e2fde48a75c10c62fe8215,CSE 327 Make-up Class on Acceptance Testing,Make-up class on Acceptance Testing and User Acceptance Testing (UAT) on June 6 2026 at 9:00 AM in Room 301. Attendance mandatory. Material will be in final exam.,academic,students,CSE,31A,high,FALSE,2026-06-07T00:00:00.000Z,2026-05-29T00:00:00.000Z,2026-05-29T00:00:00.000Z,0
69e2fde48a75c10c62fe8216,PCIU Blood Donation Club Formation Meeting,First meeting to form PCIU Blood Donation Club on June 1 2026 at 2 PM at Student Welfare Office. Volunteers needed for emergency blood donation network.,event,all,,,medium,FALSE,2026-06-02T00:00:00.000Z,2026-05-25T00:00:00.000Z,2026-05-25T00:00:00.000Z,0
69e2fde48a75c10c62fe8217,Semester Fees Structure for Summer 2026 Published,Summer 2026 semester fee structure published on accounts portal. Last date for fee payment without late fine: July 25 2026. Installment options available for meritorious students.,general,students,,,high,TRUE,2026-07-26T00:00:00.000Z,2026-06-01T00:00:00.000Z,2026-06-01T00:00:00.000Z,0
69e2fde48a75c10c62fe8218,Psychology and Wellbeing Workshop for Students,One-day workshop on Stress Management and Mental Wellbeing on June 5 2026 at 10 AM. Free for all students. Certificate provided. Register at Student Welfare Office.,event,students,,,medium,FALSE,2026-06-06T00:00:00.000Z,2026-05-28T00:00:00.000Z,2026-05-28T00:00:00.000Z,0
69e2fde48a75c10c62fe8219,CSE Project Showcase Spring 2026,CSE students showcase their semester projects (Web Dev AI IoT and Software Testing) on June 12 2026 from 9 AM to 4 PM at CSE Building. Industry judges present.,event,all,CSE,,high,TRUE,2026-06-13T00:00:00.000Z,2026-06-01T00:00:00.000Z,2026-06-01T00:00:00.000Z,0
69e2fde48a75c10c62fe8220,Scholarship Test for Meritorious Students,Scholarship entrance test for incoming freshmen on June 10 2026 at 10 AM. Subjects: Math English and Analytical Skills. Register at admission office by June 5.,exam,prospective,,,high,TRUE,2026-06-11T00:00:00.000Z,2026-05-20T00:00:00.000Z,2026-05-20T00:00:00.000Z,0
69e2fde48a75c10c62fe8221,National Anthem Recording Session,All students invited for university's new national anthem video recording on May 30 2026 at 8 AM at central field. Wear green and white. Be part of university history.,event,all,,,low,FALSE,2026-05-31T00:00:00.000Z,2026-05-24T00:00:00.000Z,2026-05-24T00:00:00.000Z,0
69e2fde48a75c10c62fe8222,LMF Legal Awareness Camp on Cyber Crimes,Legal awareness camp on Cyber Crimes and Digital Security Act on June 3 2026 at 11 AM. Free legal consultation available. Open to students faculty and local community.,event,all,LMF,,medium,FALSE,2026-06-04T00:00:00.000Z,2026-05-26T00:00:00.000Z,2026-05-26T00:00:00.000Z,0
69e2fde48a75c10c62fe8223,Teacher's Day Celebration and Appreciation Ceremony,Celebration of Teacher's Day on June 7 2026 at 3 PM. Students can submit appreciation letters for their favorite teachers. Cultural performances by students.,event,all,,,medium,FALSE,2026-06-08T00:00:00.000Z,2026-05-28T00:00:00.000Z,2026-05-28T00:00:00.000Z,0
69e2fde48a75c10c62fe8224,CSE 327 Viva Voce on Testing Tools,Individual viva voce on Selenium JIRA and Postman tools on June 8-9 2026 during lab hours. Bring practical demonstration. Each student 10 minutes.,exam,students,CSE,31A,high,TRUE,2026-06-10T00:00:00.000Z,2026-06-01T00:00:00.000Z,2026-06-01T00:00:00.000Z,0
69e2fde48a75c10c62fe8225,BBA Summer Internship Report Guidelines,Revised guidelines for BBA Summer 2026 internship report published. New format includes LinkedIn learning verification and industry supervisor feedback. Download from LMS.,academic,students,BBA,,high,FALSE,2026-07-15T00:00:00.000Z,2026-06-05T00:00:00.000Z,2026-06-05T00:00:00.000Z,0
69e2fde48a75c10c62fe8226,Bangladesh Independence Day Debate Competition,Inter-department debate competition on Contribution of Youth in Nation Building on March 26 2026 at 10 AM. Teams of 2. Register by March 20. Prizes for winners.,event,students,,,medium,FALSE,2026-03-27T00:00:00.000Z,2026-03-10T00:00:00.000Z,2026-03-10T00:00:00.000Z,0
69e2fde48a75c10c62fe8227,CSE 327 Test Automation Framework Assignment,Build a test automation framework using Selenium WebDriver for a demo e-commerce site. Due June 12 2026. Submit GitHub link and documentation.,academic,students,CSE,31A,urgent,TRUE,2026-06-13T00:00:00.000Z,2026-06-01T00:00:00.000Z,2026-06-01T00:00:00.000Z,0
69e2fde48a75c10c62fe8228,Career Fair 2026 Employer Registration Open,Employers can register for PCIU Career Fair 2026 (July 5-6) until June 15. Contact career@portcity.edu.bd for booth booking. Over 2000 students expected.,event,faculty,,,high,TRUE,2026-06-16T00:00:00.000Z,2026-05-25T00:00:00.000Z,2026-05-25T00:00:00.000Z,0
69e2fde48a75c10c62fe8229,ENF Climate Change Awareness Campaign,Climate change awareness campaign by ENF department from June 7-9 2026. Poster competition tree plantation and documentary screening. Participation certificates for volunteers.,event,all,ENF,,medium,FALSE,2026-06-10T00:00:00.000Z,2026-05-30T00:00:00.000Z,2026-05-30T00:00:00.000Z,0
69e2fde48a75c10c62fe8230,Scholarship Disbursement for Spring 2026,Scholarship amounts for Spring 2026 will be credited to student accounts by June 10 2026. Check accounts portal. Discrepancies reported by June 15.,academic,students,,,high,TRUE,2026-06-11T00:00:00.000Z,2026-05-28T00:00:00.000Z,2026-05-28T00:00:00.000Z,0
69e2fde48a75c10c62fe8231,CEN Construction Materials Lab Test,Lab test on Construction Materials (concrete mix design and aggregate testing) on June 9 2026. Bring lab coat and calculator. Practical exam from 9 AM to 1 PM.,exam,students,CEN,,high,FALSE,2026-06-10T00:00:00.000Z,2026-06-01T00:00:00.000Z,2026-06-01T00:00:00.000Z,0
69e2fde48a75c10c62fe8232,Guest Lecture on AI in Software Testing,Dr. Sarah Khan from Google speaks on AI-Powered Test Automation on June 14 2026 at 2 PM. Venue: Virtual. Link sent to registered emails. All CSE students encouraged.,event,students,CSE,,high,FALSE,2026-06-15T00:00:00.000Z,2026-06-01T00:00:00.000Z,2026-06-01T00:00:00.000Z,0
69e2fde48a75c10c62fe8233,EEE Power System Analysis Rescheduled Exam,Rescheduled exam for EEE 4302 (Power System Analysis) due to holiday on June 13 2026 at 9 AM. Check e-notice board for room allocation.,exam,students,EEE,,urgent,TRUE,2026-06-14T00:00:00.000Z,2026-06-05T00:00:00.000Z,2026-06-05T00:00:00.000Z,0
69e2fde48a75c10c62fe8234,Undergraduate Research Conference 2026 Abstracts Call,Call for abstracts for Undergraduate Research Conference on August 20 2026. Submission deadline July 10. All disciplines eligible. Best paper award BDT 20000.,event,students,,,medium,TRUE,2026-07-11T00:00:00.000Z,2026-06-01T00:00:00.000Z,2026-06-01T00:00:00.000Z,0
69e2fde48a75c10c62fe8235,BFT Textile Quality Control Workshop,2-day workshop on Textile Quality Control and Assurance on June 13-14 2026. Industry experts from Epyllion Group. Registration fee BDT 800. Limited seats.,event,students,BFT,,medium,FALSE,2026-06-15T00:00:00.000Z,2026-06-02T00:00:00.000Z,2026-06-02T00:00:00.000Z,0
69e2fde48a75c10c62fe8236,Library Fine Waiver Month June 2026,June is Library Fine Waiver Month. Return overdue books and pay only 25% of accumulated fines. Lost books can be replaced with new copies without fine.,general,all,,,low,FALSE,2026-06-30T00:00:00.000Z,2026-06-01T00:00:00.000Z,2026-06-01T00:00:00.000Z,0
69e2fde48a75c10c62fe8237,CSE 327 Performance Testing with JMeter Lab,Lab session on performance testing using Apache JMeter on June 10 2026 at Lab 203. Learn load testing stress testing and spike testing. Pre-install JMeter before class.,academic,students,CSE,31A,high,FALSE,2026-06-11T00:00:00.000Z,2026-06-03T00:00:00.000Z,2026-06-03T00:00:00.000Z,0
69e2fde48a75c10c62fe8238,Mega Placement Drive by Dutch-Bangla Bank,Dutch-Bangla Bank recruitment drive for BBA MBA and CSE graduates on June 15 2026. Written test followed by interview. Registration at career portal by June 10.,event,students,,,urgent,TRUE,2026-06-16T00:00:00.000Z,2026-06-01T00:00:00.000Z,2026-06-01T00:00:00.000Z,0
69e2fde48a75c10c62fe8239,JRN Media Ethics and Law Seminar,Seminar on Media Ethics and Cyber Law in Bangladesh on June 11 2026. Speaker: Barrister Shafique Ahmed. Mandatory for JRN and MJR students.,event,students,JRN,,high,FALSE,2026-06-12T00:00:00.000Z,2026-06-02T00:00:00.000Z,2026-06-02T00:00:00.000Z,0
69e2fde48a75c10c62fe8240,Female Students' Self-Defense Workshop,Free self-defense workshop for female students on June 8 2026 at 2 PM at University Gym. Conducted by Bangladesh Police. Limited 50 participants. Register at Proctors Office.,event,students,,,high,TRUE,2026-06-09T00:00:00.000Z,2026-05-28T00:00:00.000Z,2026-05-28T00:00:00.000Z,0
69e2fde48a75c10c62fe8241,CSE 327 Security Testing Introduction,"Special class on Introduction to Security Testing (OWASP, SQL Injection, XSS) on June 11 2026 at 11 AM. Guest speaker: Ethical Hacker Rafiqul Islam.",academic,students,CSE,31A,high,FALSE,2026-06-12T00:00:00.000Z,2026-06-04T00:00:00.000Z,2026-06-04T00:00:00.000Z,0
69e2fde48a75c10c62fe8242,BBA Project Final Defense Schedule,Final defense for BBA Capstone Projects on June 18-19 2026. Presentation (20 mins) + Q&A (10 mins). Submit 3 hard copies to dept office by June 15.,exam,students,BBA,,urgent,TRUE,2026-06-20T00:00:00.000Z,2026-06-05T00:00:00.000Z,2026-06-05T00:00:00.000Z,0
69e2fde48a75c10c62fe8243,Monsoon Gardening Club Inauguration,University Gardening Club launches with tree planting and organic vegetable gardening on June 16 2026 at 9 AM. All interested students and faculty welcome. Free saplings.,event,all,,,low,FALSE,2026-06-17T00:00:00.000Z,2026-06-08T00:00:00.000Z,2026-06-08T00:00:00.000Z,0
69e2fde48a75c10c62fe8244,CEN Fluid Mechanics Lab Viva,Viva voce on Fluid Mechanics experiments on June 12 2026. Be prepared with lab manual observations and derivations. Individual slot schedule on department notice board.,exam,students,CEN,,high,FALSE,2026-06-13T00:00:00.000Z,2026-06-04T00:00:00.000Z,2026-06-04T00:00:00.000Z,0
69e2fde48a75c10c62fe8245,International Yoga Day Session,Yoga and wellness session on International Yoga Day June 21 2026 at 7 AM at university playground. Free for all students faculty and staff. Bring yoga mat or towel.,event,all,,,medium,FALSE,2026-06-22T00:00:00.000Z,2026-06-10T00:00:00.000Z,2026-06-10T00:00:00.000Z,0
69e2fde48a75c10c62fe8246,Transcript Request for Spring 2026 Graduates,Graduates can apply for official transcripts from June 20 2026. Processing time 7 working days. Fee BDT 500 per copy. Apply online or at Registrar Office.,general,alumni,,,medium,FALSE,2026-08-30T00:00:00.000Z,2026-06-10T00:00:00.000Z,2026-06-10T00:00:00.000Z,0
69e2fde48a75c10c62fe8247,CSE 327 Bug Tracking with JIRA Lab,Hands-on lab on bug life cycle management using JIRA on June 15 2026. Create issues track status generate reports. Accounts created for all enrolled students.,academic,students,CSE,31A,high,FALSE,2026-06-16T00:00:00.000Z,2026-06-07T00:00:00.000Z,2026-06-07T00:00:00.000Z,0
69e2fde48a75c10c62fe8248,BTE Industrial Biotechnology Internship Fair,"Internship fair for BTE students on June 20 2026. Participating companies: Square Healthcare, Renata, Incepta. Bring multiple CV copies. Registration by June 15.",event,students,BTE,,high,TRUE,2026-06-21T00:00:00.000Z,2026-06-08T00:00:00.000Z,2026-06-08T00:00:00.000Z,0
69e2fde48a75c10c62fe8249,Part-time Job Fair for Needy Students,Part-time job opportunities on campus and off campus for financially needy students on June 14 2026 at 10 AM. Positions: library assistant lab attendant office helper. Stipend BDT 5000-8000/month.,event,students,,,urgent,TRUE,2026-06-15T00:00:00.000Z,2026-06-03T00:00:00.000Z,2026-06-03T00:00:00.000Z,0
69e2fde48a75c10c62fe8250,PGD in Data Science Admission Open,Post Graduate Diploma in Data Science admission for Fall 2026 open until July 15. Eligibility: Bachelor's with minimum CGPA 2.50. Classes start August 1. Visit dsc.portcity.edu.bd.,academic,prospective,,,high,TRUE,2026-07-16T00:00:00.000Z,2026-06-05T00:00:00.000Z,2026-06-05T00:00:00.000Z,0
69e2fde48a75c10c62fe8251,MJR Short Film Submission Deadline,MJR students must submit short films (5-10 mins) for annual film festival by June 20 2026. Theme: Digital Bangladesh. Top 3 films screened at Channel i.,academic,students,MJR,,high,FALSE,2026-06-21T00:00:00.000Z,2026-06-08T00:00:00.000Z,2026-06-08T00:00:00.000Z,0
69e2fde48a75c10c62fe8252,CSE 327 Final Exam Notice,CSE 327 Software Testing final exam on June 25 2026 from 9 AM to 12 PM. Syllabus: All topics from unit testing to acceptance testing. Closed book. Calculator allowed.,exam,students,CSE,31A,urgent,TRUE,2026-06-26T00:00:00.000Z,2026-06-10T00:00:00.000Z,2026-06-10T00:00:00.000Z,0
69e2fde48a75c10c62fe8253,PCIU Chess Championship 2026,Inter-department chess championship on June 18-19 2026 at Student Center. Swiss league format. Register by June 15. Trophies for top 3 individuals and winning department.,event,all,,,medium,FALSE,2026-06-20T00:00:00.000Z,2026-06-05T00:00:00.000Z,2026-06-05T00:00:00.000Z,0
69e2fde48a75c10c62fe8254,ENF River Cleaning Volunteer Drive,Volunteers needed for Karnaphuli River cleaning drive on June 19 2026. Departure at 7 AM from main gate. Lunch provided. Register at ENF office by June 17.,event,all,ENF,,low,FALSE,2026-06-20T00:00:00.000Z,2026-06-09T00:00:00.000Z,2026-06-09T00:00:00.000Z,0
69e2fde48a75c10c62fe8255,University Innovation Lab Grand Opening,"Inauguration of PCIU Innovation Lab (Makerspace) on June 22 2026 at 10 AM. Facilities: 3D printers, CNC machines, VR lab. Open to all students after training.",event,all,,,high,TRUE,2026-06-23T00:00:00.000Z,2026-06-10T00:00:00.000Z,2026-06-10T00:00:00.000Z,0
69e2fde48a75c10c62fe8256,CSE 327 Regression Testing Assignment,"Assignment on Regression Testing: select test cases, execute after code changes, analyze results. Due June 18 2026 via LMS. Individual submission. Use any open-source project.",academic,students,CSE,31A,high,FALSE,2026-06-19T00:00:00.000Z,2026-06-12T00:00:00.000Z,2026-06-12T00:00:00.000Z,0
69e2fde48a75c10c62fe8257,Summer 2026 Semester Registration Opens,Registration for Summer 2026 semester opens June 20 2026 for all students. Late registration fee applies after July 10. Register via student portal.,academic,students,,,high,TRUE,2026-07-11T00:00:00.000Z,2026-06-15T00:00:00.000Z,2026-06-15T00:00:00.000Z,0
69e2fde48a75c10c62fe8258,EEE Microcontroller Project Exhibition,"Final year EEE students exhibit microcontroller-based projects on June 22 2026 at EEE Building. Projects include smart home systems, robotics, and IoT devices. All welcome.",event,all,EEE,,medium,TRUE,2026-06-23T00:00:00.000Z,2026-06-10T00:00:00.000Z,2026-06-10T00:00:00.000Z,0
69e2fde48a75c10c62fe8259,BBA Strategic Management Final Exam,Final exam for BBA 3203 Strategic Management on June 24 2026 at 10 AM. Syllabus: chapters 1-12. Case study analysis included. Bring calculator and student ID.,exam,students,BBA,,urgent,TRUE,2026-06-25T00:00:00.000Z,2026-06-14T00:00:00.000Z,2026-06-14T00:00:00.000Z,0
69e2fde48a75c10c62fe8260,CSE Department Faculty Research Meeting,"Monthly research meeting for CSE faculty on June 19 2026 at 2 PM. Agenda: research progress, paper submissions, grant applications. Attendance mandatory.",general,faculty,CSE,,medium,FALSE,2026-06-20T00:00:00.000Z,2026-06-13T00:00:00.000Z,2026-06-13T00:00:00.000Z,0
69e2fde48a75c10c62fe8261,LLB Criminal Procedure Code Quiz,"Quiz on Criminal Procedure Code (CrPC) for LLB students on June 21 2026 during class. Topics: arrest, bail, trial procedures. Weightage 10%.",exam,students,LLB,,high,FALSE,2026-06-22T00:00:00.000Z,2026-06-15T00:00:00.000Z,2026-06-15T00:00:00.000Z,0
69e2fde48a75c10c62fe8262,Bengali New Year Cultural Program Rescheduled,Rescheduled Bengali New Year 1433 cultural program on June 25 2026 at 4 PM. Performances by cultural club. All students invited. Free snacks.,event,all,,,low,FALSE,2026-06-26T00:00:00.000Z,2026-06-18T00:00:00.000Z,2026-06-18T00:00:00.000Z,0
69e2fde48a75c10c62fe8263,CSE 327 Security Testing Tools Lab,Lab session on OWASP ZAP and SQLmap for security testing on June 20 2026 at Lab 203. Bring laptop with Kali Linux or pre-installed tools.,academic,students,CSE,31A,high,FALSE,2026-06-21T00:00:00.000Z,2026-06-14T00:00:00.000Z,2026-06-14T00:00:00.000Z,0
69e2fde48a75c10c62fe8264,JRN News Writing and Reporting Competition,News writing competition on June 23 2026 at 11 AM. On-the-spot reporting on given topic. Open to JRN and MJR students. Prize BDT 10000.,event,students,JRN,,medium,FALSE,2026-06-24T00:00:00.000Z,2026-06-16T00:00:00.000Z,2026-06-16T00:00:00.000Z,0
69e2fde48a75c10c62fe8265,Student ID Card Replacement Service,Lost or damaged ID cards can be replaced at IT section from June 18-30 2026. Fee BDT 300. Bring police report for lost cards. Processing time 2 days.,general,students,,,low,FALSE,2026-07-01T00:00:00.000Z,2026-06-17T00:00:00.000Z,2026-06-17T00:00:00.000Z,0
69e2fde48a75c10c62fe8266,CEN Geotechnical Engineering Field Trip,Field trip to soil testing laboratory on June 24 2026. Departure 8 AM from main gate. Safety shoes mandatory. Submit permission slip by June 20.,academic,students,CEN,,high,FALSE,2026-06-25T00:00:00.000Z,2026-06-15T00:00:00.000Z,2026-06-15T00:00:00.000Z,0
69e2fde48a75c10c62fe8267,BTE Fermentation Technology Lab Report,"Lab report on fermentation technology (yogurt production) due June 22 2026. Include microbial analysis, pH monitoring, and quality parameters. Submit to department office.",academic,students,BTE,,medium,FALSE,2026-06-23T00:00:00.000Z,2026-06-12T00:00:00.000Z,2026-06-12T00:00:00.000Z,0
69e2fde48a75c10c62fe8268,Anti-Drug Awareness Rally,Anti-drug awareness rally organized by Proctors Office on June 26 2026 (International Day Against Drug Abuse). Assemble at 8 AM at central field.,event,all,,,high,TRUE,2026-06-27T00:00:00.000Z,2026-06-18T00:00:00.000Z,2026-06-18T00:00:00.000Z,0
69e2fde48a75c10c62fe8269,CSE 327 Performance Testing Report,"Performance testing report using JMeter on a web application. Due June 23 2026. Include response time graphs, throughput, and error analysis. Group submission.",academic,students,CSE,31A,urgent,FALSE,2026-06-24T00:00:00.000Z,2026-06-16T00:00:00.000Z,2026-06-16T00:00:00.000Z,0
69e2fde48a75c10c62fe8270,Scholarship Disbursement Delay Notice,Scholarship disbursement for Spring 2026 delayed until June 25 due to audit verification. Students will receive SMS once credited. Apologies for inconvenience.,general,students,,,high,TRUE,2026-06-26T00:00:00.000Z,2026-06-20T00:00:00.000Z,2026-06-20T00:00:00.000Z,0
69e2fde48a75c10c62fe8271,MBA Leadership Summit 2026,MBA Leadership Summit on June 27-28 2026 featuring CEOs from top Bangladeshi companies. Register by June 22. Fee BDT 1500 includes certificate and lunch.,event,students,MBA,,high,TRUE,2026-06-29T00:00:00.000Z,2026-06-15T00:00:00.000Z,2026-06-15T00:00:00.000Z,0
69e2fde48a75c10c62fe8272,BFT Garment Washing and Dyeing Workshop,Workshop on advanced garment washing techniques on June 24 2026 at BFT Lab. Industry expert from Youngone. Registration fee BDT 500. Limited 30 seats.,event,students,BFT,,medium,FALSE,2026-06-25T00:00:00.000Z,2026-06-17T00:00:00.000Z,2026-06-17T00:00:00.000Z,0
69e2fde48a75c10c62fe8273,Library Book Donation Drive,Donate academic and reference books to library from June 20-30 2026. Donors receive appreciation certificate. Books must be in good condition. Drop at circulation desk.,general,all,,,low,FALSE,2026-07-01T00:00:00.000Z,2026-06-18T00:00:00.000Z,2026-06-18T00:00:00.000Z,0
69e2fde48a75c10c62fe8274,CSE Thesis Progress Presentation,All CSE thesis students must present progress on June 26 2026 from 9 AM to 4 PM. 15-minute presentation + 5-minute Q&A. Submit slides by June 24.,exam,students,CSE,,urgent,TRUE,2026-06-27T00:00:00.000Z,2026-06-15T00:00:00.000Z,2026-06-15T00:00:00.000Z,0
69e2fde48a75c10c62fe8275,ENF Biodiversity Exhibition,"Exhibition on Bangladesh's biodiversity on June 28 2026 at ENF Building. Live specimens, posters, and models. Open to school and college students.",event,all,ENF,,medium,FALSE,2026-06-29T00:00:00.000Z,2026-06-20T00:00:00.000Z,2026-06-20T00:00:00.000Z,0
69e2fde48a75c10c62fe8276,EEE Power Electronics Lab Makeup,Makeup lab for EEE 3102 Power Electronics on June 23 2026 from 2-5 PM. Students who missed previous sessions must attend. Contact lab instructor.,academic,students,EEE,,medium,FALSE,2026-06-24T00:00:00.000Z,2026-06-16T00:00:00.000Z,2026-06-16T00:00:00.000Z,0
69e2fde48a75c10c62fe8277,CSE 327 Test Plan Document Submission,"Submit comprehensive test plan document for your project by June 25 2026. Include scope, strategy, resources, schedule, and risk analysis. Template on LMS.",academic,students,CSE,31A,high,FALSE,2026-06-26T00:00:00.000Z,2026-06-18T00:00:00.000Z,2026-06-18T00:00:00.000Z,0
69e2fde48a75c10c62fe8278,Photography Contest Nature at PCIU,Photography contest theme: Nature at PCIU Campus. Submit up to 3 photos by June 25. Winners displayed in library. Prize BDT 5000. Email entries to photo@portcity.edu.bd.,event,all,,,low,FALSE,2026-06-26T00:00:00.000Z,2026-06-15T00:00:00.000Z,2026-06-15T00:00:00.000Z,0
69e2fde48a75c10c62fe8279,LMF Human Rights Day Seminar,Seminar on Human Rights in Digital Age on June 29 2026 at 11 AM. Panel includes NHRC representatives. Open to LLB and LMF students.,event,students,LMF,,high,FALSE,2026-06-30T00:00:00.000Z,2026-06-20T00:00:00.000Z,2026-06-20T00:00:00.000Z,0
69e2fde48a75c10c62fe8280,MJR Podcast Launch Your Voice Matters,MJR department launches student podcast series on June 21 2026. First episode: Campus Life. Students can pitch episode ideas. Contact MJR office.,event,students,MJR,,low,FALSE,2026-07-21T00:00:00.000Z,2026-06-18T00:00:00.000Z,2026-06-18T00:00:00.000Z,0
69e2fde48a75c10c62fe8281,CSE 327 Mock Interview on Testing Roles,Mock interviews for QA/Testing roles on June 27 2026. Industry professionals from BJIT and TigerIT. Register by June 23. Limited 30 students.,event,students,CSE,31A,high,TRUE,2026-06-28T00:00:00.000Z,2026-06-19T00:00:00.000Z,2026-06-19T00:00:00.000Z,0
69e2fde48a75c10c62fe8282,Summer 2026 Tuition Fee Structure,"Summer 2026 tuition fee: BDT 5500 per credit for UG, BDT 7500 for PG. Lab fees additional BDT 2000 per course. Total payable by July 15.",general,students,,,high,TRUE,2026-07-16T00:00:00.000Z,2026-06-10T00:00:00.000Z,2026-06-10T00:00:00.000Z,0
69e2fde48a75c10c62fe8283,BBA HR Analytics Workshop,2-day workshop on HR Analytics using Excel and SPSS on June 29-30 2026. Registration fee BDT 1000. Certificate provided. Register by June 24.,event,students,BBA,,medium,FALSE,2026-07-01T00:00:00.000Z,2026-06-18T00:00:00.000Z,2026-06-18T00:00:00.000Z,0
69e2fde48a75c10c62fe8284,CEN Transportation Engineering Assignment,Assignment on traffic flow theory and highway capacity due June 26 2026. Solve numerical problems from chapters 5-7. Individual submission.,academic,students,CEN,,high,FALSE,2026-06-27T00:00:00.000Z,2026-06-19T00:00:00.000Z,2026-06-19T00:00:00.000Z,0
69e2fde48a75c10c62fe8285,International Conference on Sustainable Development,ICSD 2026 at PCIU on July 5-6 2026. Keynote: UN representative. Registration open until June 25. Student registration BDT 2000.,event,faculty,,,high,TRUE,2026-07-07T00:00:00.000Z,2026-06-10T00:00:00.000Z,2026-06-10T00:00:00.000Z,0
69e2fde48a75c10c62fe8286,CSE 327 Automation Framework Report,"Report on automation framework implementation for your project due June 28 2026. Include framework architecture, code snippets, and test results.",academic,students,CSE,31A,urgent,FALSE,2026-06-29T00:00:00.000Z,2026-06-20T00:00:00.000Z,2026-06-20T00:00:00.000Z,0
69e2fde48a75c10c62fe8287,MCSE Thesis Final Submission Guideline,Final thesis submission for MCSE program by July 10 2026. Soft copy (PDF) and 3 hard copies. Turnitin report required. Format guidelines on LMS.,academic,students,MCSE,,urgent,TRUE,2026-07-11T00:00:00.000Z,2026-06-18T00:00:00.000Z,2026-06-18T00:00:00.000Z,0
69e2fde48a75c10c62fe8288,BTE Internship Presentation Schedule,Internship presentation for BTE students on June 30 2026. 10-minute presentation per student. Submit supervisor evaluation form by June 25.,exam,students,BTE,,high,FALSE,2026-07-01T00:00:00.000Z,2026-06-20T00:00:00.000Z,2026-06-20T00:00:00.000Z,0
69e2fde48a75c10c62fe8289,Faculty Development Program on AI in Education,5-day FDP on AI Tools for Teaching and Research from July 1-5 2026. Registration free for PCIU faculty. Limited 40 seats. Register by June 25.,event,faculty,,,medium,TRUE,2026-07-06T00:00:00.000Z,2026-06-15T00:00:00.000Z,2026-06-15T00:00:00.000Z,0
69e2fde48a75c10c62fe8290,ENG Shakespeare Drama Performance,Students of ENG department perform Macbeth on June 28 2026 at 5 PM. Open to all. Donation based entry. Proceeds to student welfare fund.,event,all,ENG,,low,FALSE,2026-06-29T00:00:00.000Z,2026-06-20T00:00:00.000Z,2026-06-20T00:00:00.000Z,0
69e2fde48a75c10c62fe8291,CSE 327 Peer Code Review Session,Peer code review and testing session on June 24 2026 at Lab 204. Exchange test cases with another group. Submit review report by June 25.,academic,students,CSE,31A,high,FALSE,2026-06-26T00:00:00.000Z,2026-06-21T00:00:00.000Z,2026-06-21T00:00:00.000Z,0
69e2fde48a75c10c62fe8292,University Gym Membership Renewal,"Gym membership renewal for July-December 2026 open from June 20-30. Fee BDT 1500 for students, BDT 3000 for staff. New members welcome.",general,all,,,low,FALSE,2026-07-01T00:00:00.000Z,2026-06-18T00:00:00.000Z,2026-06-18T00:00:00.000Z,0
69e2fde48a75c10c62fe8293,LLB Moot Court Final Round,Final round of intra-department moot court competition on July 1 2026 at 10 AM. Chief Justice of High Court division invited as chief guest.,event,students,LLB,,high,TRUE,2026-07-02T00:00:00.000Z,2026-06-22T00:00:00.000Z,2026-06-22T00:00:00.000Z,0
69e2fde48a75c10c62fe8294,Academic Council Meeting July 2026,"Monthly Academic Council meeting on July 3 2026 at 10 AM. Agenda: curriculum approval, exam reforms, new program proposals. All HODs must attend.",general,faculty,,,high,TRUE,2026-07-04T00:00:00.000Z,2026-06-25T00:00:00.000Z,2026-06-25T00:00:00.000Z,0
69e2fde48a75c10c62fe8295,CSE 327 Test Metrics and Reporting,"Assignment on software testing metrics: defect density, test coverage, test execution efficiency. Due July 1 2026. Calculate metrics for given datasets.",academic,students,CSE,31A,high,FALSE,2026-07-02T00:00:00.000Z,2026-06-24T00:00:00.000Z,2026-06-24T00:00:00.000Z,0
69e2fde48a75c10c62fe8296,BBA Business Plan Competition 2026,Annual business plan competition on July 2 2026. Prize money BDT 50000 for winner. Register teams of 4 by June 27. Submit executive summary.,event,students,BBA,,high,TRUE,2026-07-03T00:00:00.000Z,2026-06-20T00:00:00.000Z,2026-06-20T00:00:00.000Z,0
69e2fde48a75c10c62fe8297,EEE Renewable Energy Seminar,Seminar on Solar and Wind Energy Prospects in Bangladesh on July 4 2026 at 2 PM. Speaker: SREDA officials. Open to all engineering students.,event,students,EEE,,medium,FALSE,2026-07-05T00:00:00.000Z,2026-06-25T00:00:00.000Z,2026-06-25T00:00:00.000Z,0
69e2fde48a75c10c62fe8298,CEN Environmental Engineering Field Work,Environmental Engineering field work at Karnaphuli River on June 29 2026. Water sampling and testing. Meet at Civil Lab at 7 AM. Bring lab coat.,academic,students,CEN,,high,FALSE,2026-06-30T00:00:00.000Z,2026-06-22T00:00:00.000Z,2026-06-22T00:00:00.000Z,0
69e2fde48a75c10c62fe8299,JRN Podcasting and Audio Production Workshop,Workshop on podcasting and audio editing using Audacity on July 2 2026 at Media Lab. Limited 20 participants. Register by June 28. Free.,event,students,JRN,,medium,FALSE,2026-07-03T00:00:00.000Z,2026-06-23T00:00:00.000Z,2026-06-23T00:00:00.000Z,0
69e2fde48a75c10c62fe8300,CSE 327 Final Project Viva,Viva voce on final testing project on July 3-4 2026. Each group 20 minutes. Demonstrate test suite and explain automation approach. Schedule on LMS.,exam,students,CSE,31A,urgent,TRUE,2026-07-05T00:00:00.000Z,2026-06-25T00:00:00.000Z,2026-06-25T00:00:00.000Z,0
69e2fde48a75c10c62fe8301,Student Visa Processing for Higher Studies,International office assists students with visa processing for abroad studies. Free consultation on July 5-6 2026. Bring admission offers. Register at ISO office.,general,students,,,medium,FALSE,2026-07-07T00:00:00.000Z,2026-06-20T00:00:00.000Z,2026-06-20T00:00:00.000Z,0
69e2fde48a75c10c62fe8302,BTE Pharmaceutical Biotechnology Quiz,"Quiz on Pharmaceutical Biotechnology on July 2 2026. Topics: drug development, clinical trials, GMP. Weightage 15%. Closed book.",exam,students,BTE,,high,FALSE,2026-07-03T00:00:00.000Z,2026-06-25T00:00:00.000Z,2026-06-25T00:00:00.000Z,0
69e2fde48a75c10c62fe8303,MJR Documentary Premiere Climate Crisis in Ctg,Premiere of student documentary Climate Crisis in Chittagong on June 30 2026 at 4 PM. Followed by panel discussion. All departments invited.,event,all,MJR,,low,FALSE,2026-07-01T00:00:00.000Z,2026-06-22T00:00:00.000Z,2026-06-22T00:00:00.000Z,0
69e2fde48a75c10c62fe8304,CSE 327 Defect Tracking Exercise,"Exercise on defect lifecycle: create, triage, assign, verify, close defects using JIRA. Due July 2 2026. Individual submission. Screenshots required.",academic,students,CSE,31A,high,FALSE,2026-07-03T00:00:00.000Z,2026-06-26T00:00:00.000Z,2026-06-26T00:00:00.000Z,0
69e2fde48a75c10c62fe8305,PCIU Annual Sports Award Ceremony,Annual sports awards ceremony on July 6 2026 at 3 PM. Recognize outstanding athletes. All players who participated in inter-department sports must attend.,event,all,,,medium,TRUE,2026-07-07T00:00:00.000Z,2026-06-25T00:00:00.000Z,2026-06-25T00:00:00.000Z,0
69e2fde48a75c10c62fe8306,LMF Legal Drafting Competition,"Legal drafting competition (plaint, written statement, petition) on July 3 2026. 3 hours. Open to LLB and LMF students. Prize BDT 8000.",event,students,LMF,,high,FALSE,2026-07-04T00:00:00.000Z,2026-06-24T00:00:00.000Z,2026-06-24T00:00:00.000Z,0
69e2fde48a75c10c62fe8307,Library E-Resources Training Session,"Training on accessing e-journals, databases (ScienceDirect, IEEE, JSTOR) on July 4 2026 at 10 AM. Mandatory for research students. Certificate provided.",event,students,,,medium,FALSE,2026-07-05T00:00:00.000Z,2026-06-26T00:00:00.000Z,2026-06-26T00:00:00.000Z,0
69e2fde48a75c10c62fe8308,CSE Alumni Career Mentorship Program,CSE alumni mentorship program for current students. Pairing announced June 30. Mentorship runs July-December. Mandatory orientation on July 5.,event,students,CSE,,high,TRUE,2026-07-06T00:00:00.000Z,2026-06-20T00:00:00.000Z,2026-06-20T00:00:00.000Z,0
69e2fde48a75c10c62fe8309,BBA Financial Management Midterm Result,Midterm result for BBA 2203 Financial Management published on June 28. Answer script show on June 30. Grade appeal deadline July 2.,exam,students,BBA,,high,FALSE,2026-07-03T00:00:00.000Z,2026-06-27T00:00:00.000Z,2026-06-27T00:00:00.000Z,0
69e2fde48a75c10c62fe8310,EEE Control Systems Lab Viva,"Viva voce on Control Systems experiments on July 1 2026. Experiments: stability analysis, root locus, Bode plot. Bring lab record book.",exam,students,EEE,,high,FALSE,2026-07-02T00:00:00.000Z,2026-06-23T00:00:00.000Z,2026-06-23T00:00:00.000Z,0
69e2fde48a75c10c62fe8311,CEN AutoCAD Certification Exam,Optional AutoCAD certification exam at CEN department on July 3 2026. Fee BDT 1500. Register by June 28. Study materials available.,exam,students,CEN,,medium,FALSE,2026-07-04T00:00:00.000Z,2026-06-20T00:00:00.000Z,2026-06-20T00:00:00.000Z,0
69e2fde48a75c10c62fe8312,BFT Fashion Illustration Competition,Fashion illustration competition on July 1 2026. Theme: Fusion of Tradition and Modernity. Submit A3 size. Prize BDT 10000.,event,students,BFT,,medium,FALSE,2026-07-02T00:00:00.000Z,2026-06-24T00:00:00.000Z,2026-06-24T00:00:00.000Z,0
69e2fde48a75c10c62fe8313,CSE 327 Test Summary Report,"Final test summary report for your project due July 5 2026. Include test execution summary, defect analysis, and quality assessment. Template on LMS.",academic,students,CSE,31A,urgent,TRUE,2026-07-06T00:00:00.000Z,2026-06-28T00:00:00.000Z,2026-06-28T00:00:00.000Z,0
69e2fde48a75c10c62fe8314,Provisional Certificate Distribution Spring 2026,Provisional certificate distribution for Spring 2026 graduates on July 8 2026 from 10 AM to 4 PM at Registrar Office. Bring student ID and clearance form.,general,students,,,high,TRUE,2026-07-09T00:00:00.000Z,2026-06-25T00:00:00.000Z,2026-06-25T00:00:00.000Z,0
69e2fde48a75c10c62fe8315,MJR Radio Broadcasting Internship Opportunity,CRI (Community Radio) internship for MJR students. 3-month program. Apply by June 30. Interview on July 2. Stipend BDT 8000/month.,event,students,MJR,,high,TRUE,2026-07-01T00:00:00.000Z,2026-06-22T00:00:00.000Z,2026-06-22T00:00:00.000Z,0
69e2fde48a75c10c62fe8316,CSE 327 Course Evaluation,Course evaluation for CSE 327 opens July 1-7 2026. Anonymous feedback. Participation mandatory to view final grade. Link on student portal.,academic,students,CSE,31A,medium,TRUE,2026-07-08T00:00:00.000Z,2026-06-29T00:00:00.000Z,2026-06-29T00:00:00.000Z,0
69e2fde48a75c10c62fe8317,BTE Bioprocess Engineering Lab Report,Lab report on bioreactor operation and fermentation kinetics due July 4 2026. Include calculations and graphs. Group of 2.,academic,students,BTE,,high,FALSE,2026-07-05T00:00:00.000Z,2026-06-26T00:00:00.000Z,2026-06-26T00:00:00.000Z,0
69e2fde48a75c10c62fe8318,ENF Environmental Impact Assessment Training,Training on EIA methodology and report writing on July 5-6 2026. Conducted by DOE experts. Certificate provided. Register by June 30.,event,students,ENF,,medium,FALSE,2026-07-07T00:00:00.000Z,2026-06-24T00:00:00.000Z,2026-06-24T00:00:00.000Z,0
69e2fde48a75c10c62fe8319,CSE Project Poster Presentation Competition,Poster presentation on CSE projects on July 6 2026. Size A0. Judges evaluation. Awards for best 3 posters. Register by July 2.,event,students,CSE,,high,TRUE,2026-07-07T00:00:00.000Z,2026-06-28T00:00:00.000Z,2026-06-28T00:00:00.000Z,0
69e2fde48a75c10c62fe8320,Hostel Allocation for Summer 2026,Hostel allocation for Summer 2026 semester opens July 1-10 2026. Apply online. Preference to outstation students. Hostel fee BDT 12000 per month.,general,students,,,high,TRUE,2026-07-11T00:00:00.000Z,2026-06-25T00:00:00.000Z,2026-06-25T00:00:00.000Z,0
69e2fde48a75c10c62fe8321,LLB Constitutional Law Assignment,Assignment on Fundamental Rights and Directive Principles due July 5 2026. Analyze 5 landmark cases. Word limit 2000. Submit to department.,academic,students,LLB,,high,FALSE,2026-07-06T00:00:00.000Z,2026-06-27T00:00:00.000Z,2026-06-27T00:00:00.000Z,0
69e2fde48a75c10c62fe8322,PCIU Cultural Club Annual Show,"Annual cultural show Rhythm of PCIU on July 7 2026 at 6 PM. Music, dance, drama. Tickets BDT 200. Proceeds to student scholarship fund.",event,all,,,low,FALSE,2026-07-08T00:00:00.000Z,2026-06-28T00:00:00.000Z,2026-06-28T00:00:00.000Z,0
69e2fde48a75c10c62fe8323,CSE 327 Final Grade Publication,Final grades for CSE 327 published on LMS on July 12 2026. Grade appeal deadline July 15. Exam script viewing on July 14.,exam,students,CSE,31A,urgent,TRUE,2026-07-13T00:00:00.000Z,2026-06-30T00:00:00.000Z,2026-06-30T00:00:00.000Z,0
69e2fde48a75c10c62fe8324,BBA Corporate Laws Quiz,Quiz on Companies Act 1994 and SEBI regulations on July 6 2026. 30 minutes. Weightage 10%. Open book but no electronic devices.,exam,students,BBA,,high,FALSE,2026-07-07T00:00:00.000Z,2026-06-28T00:00:00.000Z,2026-06-28T00:00:00.000Z,0
69e2fde48a75c10c62fe8325,CEN Construction Safety Training,Certificate course on Construction Safety and Site Management on July 8-9 2026. Registration fee BDT 1000. Industry recognized certificate.,event,students,CEN,,medium,TRUE,2026-07-10T00:00:00.000Z,2026-06-25T00:00:00.000Z,2026-06-25T00:00:00.000Z,0
69e2fde48a75c10c62fe8326,University Health Camp Free Checkup,"Free medical checkup camp on July 4 2026 from 9 AM to 5 PM. Services: BP, blood sugar, BMI, eye checkup. All students and staff.",event,all,,,low,FALSE,2026-07-05T00:00:00.000Z,2026-06-25T00:00:00.000Z,2026-06-25T00:00:00.000Z,0
69e2fde48a75c10c62fe8327,CSE 327 ISTQB Foundation Level Preparation,ISTQB Foundation Level certification preparation classes start July 1 2026. Every Wednesday 4-6 PM. Mock tests provided. Registration free.,event,students,CSE,31A,high,FALSE,2026-07-30T00:00:00.000Z,2026-06-28T00:00:00.000Z,2026-06-28T00:00:00.000Z,0
69e2fde48a75c10c62fe8328,EEE VLSI Design Lab Final Project,VLSI Design final project submission July 7 2026. Design a 4-bit microprocessor using Cadence. Report and simulation results required.,academic,students,EEE,,high,FALSE,2026-07-08T00:00:00.000Z,2026-06-28T00:00:00.000Z,2026-06-28T00:00:00.000Z,0
69e2fde48a75c10c62fe8329,BTE Food Safety and Quality Management Workshop,Workshop on HACCP and ISO 22000 on July 9 2026. Industry expert from BSTI. Certificate provided. Registration BDT 800.,event,students,BTE,,medium,FALSE,2026-07-10T00:00:00.000Z,2026-06-30T00:00:00.000Z,2026-06-30T00:00:00.000Z,0
69e2fde48a75c10c62fe8330,MJR Press Club Tour and Reporting Assignment,Tour to Chittagong Press Club on July 5 2026. Reporting assignment due July 8. Meet senior journalists. Limited 25 students. Register by July 2.,academic,students,MJR,,high,FALSE,2026-07-09T00:00:00.000Z,2026-06-28T00:00:00.000Z,2026-06-28T00:00:00.000Z,0
69e2fde48a75c10c62fe8331,CSE 327 Retrospective and Course Feedback Session,Course retrospective meeting on July 8 2026 at 2 PM. Discuss what worked well and improvements. Pizza and drinks provided. Attendance encouraged.,event,students,CSE,31A,low,FALSE,2026-07-09T00:00:00.000Z,2026-06-30T00:00:00.000Z,2026-06-30T00:00:00.000Z,0
69e2fde48a75c10c62fe8332,LLB Internship Report Submission,Internship report for LLB students due July 10 2026. 3000 words. Include case observation analysis. Submit 2 hard copies to law department.,academic,students,LLB,,urgent,TRUE,2026-07-11T00:00:00.000Z,2026-06-28T00:00:00.000Z,2026-06-28T00:00:00.000Z,0
69e2fde48a75c10c62fe8333,BBA Advanced Excel Training,"Training on Advanced Excel for business data analysis on July 6-7 2026. Pivot tables, macros, dashboards. Registration BDT 500. Bring laptop.",event,students,BBA,,medium,FALSE,2026-07-08T00:00:00.000Z,2026-06-28T00:00:00.000Z,2026-06-28T00:00:00.000Z,0
69e2fde48a75c10c62fe8334,CEN Thesis Proposal Submission,"Thesis proposal for CEN students due July 8 2026. Submit to supervisor and department. Include literature review, methodology, timeline.",academic,students,CEN,,urgent,TRUE,2026-07-09T00:00:00.000Z,2026-06-28T00:00:00.000Z,2026-06-28T00:00:00.000Z,0
69e2fde48a75c10c62fe8335,PCIU Debate Club Freshers Orientation,Orientation for new members of Debate Club on July 5 2026 at 3 PM. Learn about parliamentary debate formats. First competition on July 12.,event,students,,,low,FALSE,2026-07-06T00:00:00.000Z,2026-06-28T00:00:00.000Z,2026-06-28T00:00:00.000Z,0
69e2fde48a75c10c62fe8336,EEE Renewable Energy Project Competition,Project competition on renewable energy solutions on July 10 2026. Prototype required. Prize BDT 30000. Register teams by July 5.,event,students,EEE,,high,TRUE,2026-07-11T00:00:00.000Z,2026-06-28T00:00:00.000Z,2026-06-28T00:00:00.000Z,0
69e2fde48a75c10c62fe8337,CSE 327 Industry Webinar QA Career Path,Webinar on Career Path in QA and Testing on July 9 2026 at 7 PM. Speaker: QA Lead from Google. Register at career.portcity.edu.bd.,event,students,CSE,31A,medium,TRUE,2026-07-10T00:00:00.000Z,2026-06-29T00:00:00.000Z,2026-06-29T00:00:00.000Z,0
69e2fde48a75c10c62fe8338,Library Closed for Inventory July 11-13,Library remains closed for annual inventory from July 11-13 2026. No borrowing or returning. Online resources accessible. Resume July 14.,general,all,,,medium,FALSE,2026-07-14T00:00:00.000Z,2026-06-30T00:00:00.000Z,2026-06-30T00:00:00.000Z,0
69e2fde48a75c10c62fe8339,BFT Sustainable Fashion Show 2026,Sustainable Fashion Show on July 12 2026 at 6 PM. Designs using recycled materials. Tickets BDT 300. Proceeds to environmental fund.,event,all,BFT,,high,TRUE,2026-07-13T00:00:00.000Z,2026-06-28T00:00:00.000Z,2026-06-28T00:00:00.000Z,0
69e2fde48a75c10c62fe8340,Spring 2026 Semester Result Publication,Spring 2026 final results published on July 15 2026 at 5 PM. Check student portal. Transcripts available from July 20.,exam,students,,,urgent,TRUE,2026-07-16T00:00:00.000Z,2026-07-01T00:00:00.000Z,2026-07-01T00:00:00.000Z,0
69e2fde48a75c10c62fe8341,CSE 327 Certificate Distribution,Certificates for CSE 327 completion distributed on July 14 2026 at CSE department. Students with A and A+ only. Bring student ID.,event,students,CSE,31A,medium,FALSE,2026-07-15T00:00:00.000Z,2026-07-02T00:00:00.000Z,2026-07-02T00:00:00.000Z,0
69e2fde48a75c10c62fe8342,Admission Open for Fall 2026,"Fall 2026 admission open from July 1 to August 15 2026. Programs: BBA, CSE, EEE, LLB, ENG, BFT, ENF. Apply at admission.portcity.edu.bd.",academic,prospective,,,high,TRUE,2026-08-16T00:00:00.000Z,2026-07-01T00:00:00.000Z,2026-07-01T00:00:00.000Z,0
69e2fde48a75c10c62fe8343,JRN Media Internship Fair,"Media internship fair on July 8 2026. Participating: Daily Star, Somoy TV, Radio Foorti. Bring portfolio. Registration by July 5.",event,students,JRN,,high,TRUE,2026-07-09T00:00:00.000Z,2026-06-28T00:00:00.000Z,2026-06-28T00:00:00.000Z,0
69e2fde48a75c10c62fe8344,CEN Structural Design Project Submission,"Structural design project (3-story building) due July 12 2026. Include structural drawings, load calculations, and STAAD Pro analysis.",academic,students,CEN,,urgent,TRUE,2026-07-13T00:00:00.000Z,2026-06-30T00:00:00.000Z,2026-06-30T00:00:00.000Z,0
69e2fde48a75c10c62fe8345,PCIU Chess Club Weekly Tournament,Weekly chess tournament every Saturday from July 6. Registration at club room. Entry free. Winner gets trophy and rating points.,event,students,,,low,FALSE,2026-07-30T00:00:00.000Z,2026-07-01T00:00:00.000Z,2026-07-01T00:00:00.000Z,0
69e2fde48a75c10c62fe8346,EEE Communication Engineering Lab Quiz,"Quiz on Communication Engineering lab experiments on July 10 2026. Topics: AM, FM, PWM modulation/demodulation. Open lab record book.",exam,students,EEE,,high,FALSE,2026-07-11T00:00:00.000Z,2026-07-02T00:00:00.000Z,2026-07-02T00:00:00.000Z,0
69e2fde48a75c10c62fe8347,BBA Entrepreneurship Bootcamp,3-day entrepreneurship bootcamp July 11-13 2026. Mentors from startup ecosystem. Pitch competition on day 3. Limited 50 students. Register by July 5.,event,students,BBA,,high,TRUE,2026-07-14T00:00:00.000Z,2026-06-28T00:00:00.000Z,2026-06-28T00:00:00.000Z,0
69e2fde48a75c10c62fe8348,CSE 327 Testing Tools Certification,Free certification exam for Selenium and JIRA on July 15 2026. Online proctored. Register by July 10. Study materials on LMS.,exam,students,CSE,31A,medium,TRUE,2026-07-16T00:00:00.000Z,2026-07-01T00:00:00.000Z,2026-07-01T00:00:00.000Z,0
69e2fde48a75c10c62fe8349,CEN Fluid Mechanics Makeup Exam,Makeup exam for CEN 3201 Fluid Mechanics for absentees on July 9 2026 at 9 AM. Submit medical certificate by July 5.,exam,students,CEN,,high,FALSE,2026-07-10T00:00:00.000Z,2026-07-02T00:00:00.000Z,2026-07-02T00:00:00.000Z,0
69e2fde48a75c10c62fe8350,BFT Textile Chemistry Lab Report,"Lab report on textile dyeing and chemical analysis due July 11 2026. Include chemical reactions, dye uptake percentage, and color fastness results.",academic,students,BFT,,high,FALSE,2026-07-12T00:00:00.000Z,2026-07-02T00:00:00.000Z,2026-07-02T00:00:00.000Z,0
69e2fde48a75c10c62fe8351,MJR Television Production Workshop,"Weekend workshop on TV production (camera, lighting, editing) on July 12-13 2026. Produce a 2-minute news segment. Certificate provided.",event,students,MJR,,medium,FALSE,2026-07-14T00:00:00.000Z,2026-07-01T00:00:00.000Z,2026-07-01T00:00:00.000Z,0
69e2fde48a75c10c62fe8352,PCIU Rover Scout Enrollment,"Enrollment for PCIU Rover Scout unit open until July 15 2026. Training on camping, first aid, community service. Annual membership BDT 500.",event,students,,,low,FALSE,2026-07-16T00:00:00.000Z,2026-07-01T00:00:00.000Z,2026-07-01T00:00:00.000Z,0
69e2fde48a75c10c62fe8353,LLB Law Review Journal Call for Papers,PCIU Law Review Journal calls for papers for Volume 5. Themes: contemporary legal issues. Submission deadline July 30. Publication in December.,academic,students,LLB,,medium,TRUE,2026-07-31T00:00:00.000Z,2026-07-01T00:00:00.000Z,2026-07-01T00:00:00.000Z,0
69e2fde48a75c10c62fe8354,CSE 327 Best Project Award,"Best testing project award announcement on July 16 2026. Prize BDT 25000. Evaluation criteria: test coverage, automation innovation, bug detection.",event,students,CSE,31A,high,TRUE,2026-07-17T00:00:00.000Z,2026-07-08T00:00:00.000Z,2026-07-08T00:00:00.000Z,0
69e2fde48a75c10c62fe8355,ENF Plastic Waste Reduction Challenge,Month-long plastic waste reduction challenge July 1-31 2026. Departments compete. Winner gets trophy. Track your plastic use reduction.,event,all,ENF,,medium,FALSE,2026-08-01T00:00:00.000Z,2026-07-01T00:00:00.000Z,2026-07-01T00:00:00.000Z,0
